-- MySQL dump 10.16  Distrib 10.1.16-MariaDB, for Win32 (AMD64)
--
-- Host: localhost    Database: coba
-- ------------------------------------------------------
-- Server version	10.1.16-MariaDB

/*!40101 SET @OLD_CHARACTER_SET_CLIENT=@@CHARACTER_SET_CLIENT */;
/*!40101 SET @OLD_CHARACTER_SET_RESULTS=@@CHARACTER_SET_RESULTS */;
/*!40101 SET @OLD_COLLATION_CONNECTION=@@COLLATION_CONNECTION */;
/*!40101 SET NAMES utf8 */;
/*!40103 SET @OLD_TIME_ZONE=@@TIME_ZONE */;
/*!40103 SET TIME_ZONE='+00:00' */;
/*!40014 SET @OLD_UNIQUE_CHECKS=@@UNIQUE_CHECKS, UNIQUE_CHECKS=0 */;
/*!40014 SET @OLD_FOREIGN_KEY_CHECKS=@@FOREIGN_KEY_CHECKS, FOREIGN_KEY_CHECKS=0 */;
/*!40101 SET @OLD_SQL_MODE=@@SQL_MODE, SQL_MODE='NO_AUTO_VALUE_ON_ZERO' */;
/*!40111 SET @OLD_SQL_NOTES=@@SQL_NOTES, SQL_NOTES=0 */;

--
-- Table structure for table `tb_class`
--

DROP TABLE IF EXISTS `tb_class`;
/*!40101 SET @saved_cs_client     = @@character_set_client */;
/*!40101 SET character_set_client = utf8 */;
CREATE TABLE `tb_class` (
  `id_class` int(11) NOT NULL AUTO_INCREMENT,
  `class` text,
  `id_phylum` int(11) DEFAULT NULL,
  PRIMARY KEY (`id_class`)
) ENGINE=InnoDB AUTO_INCREMENT=75 DEFAULT CHARSET=latin1;
/*!40101 SET character_set_client = @saved_cs_client */;

--
-- Dumping data for table `tb_class`
--

LOCK TABLES `tb_class` WRITE;
/*!40000 ALTER TABLE `tb_class` DISABLE KEYS */;
INSERT INTO `tb_class` VALUES (1,'Mammalia',1),(2,'Aves',2),(3,'Mammalia',3),(4,'Mammalia',4),(5,'Amphibia',5),(6,'Mammalia',6),(7,'Mammalia',7),(8,'Aves',8),(9,'Amphibia',9),(10,'Mammalia',10),(11,'Aves',11),(12,'Reptilia',12),(13,'Reptilia',13),(14,'Actinopterygii',14),(15,'Insecta',15),(16,'Mammalia',16),(17,'Mammalia',17),(18,'Mammalia',18),(19,'Mammalia',19),(20,'Mammalia',20),(21,'Mammalia',21),(22,'Mammalia',22),(23,'Insecta',23),(24,'Mammalia',24),(25,'Mammalia',25),(26,'Aves',26),(27,'Amphibia',27),(28,'Mammalia',28),(29,'Mammalia',29),(30,'Mammalia',30),(31,'Mammalia',31),(32,'Mammalia',32),(33,'Mammalia',33),(34,'Actinopterygii',34),(35,'Aves',35),(36,'Crustacea',36),(37,'Actinopterygii',37),(38,'Chondrichthyes',38),(39,'Mammalia',39),(40,'Mammalia',40),(41,'Reptilia',41),(42,'Mammalia',42),(43,'Insecta',43),(44,'Mammalia',44),(45,'Mammalia',45),(46,'Aves',46),(47,'Aves',47),(48,'Mammalia',48),(49,'Mammalia',49),(50,'Mammalia',50),(51,'Arachnida',51),(52,'Mammalia',52),(53,'Mammalia',53),(54,'Mammalia',54),(55,'Mammalia',55),(56,'Aves',56),(57,'Mammalia',57),(58,'Mammalia',58),(59,'Mammalia',59),(60,'Mammalia',60),(61,'Aves',61),(62,'Mammalia',62),(63,'Chondrichthyes',63),(64,'Amphibia',64),(65,'Insecta',65),(66,'Amphibia',66),(67,'Insecta',67),(68,'Actinopterygii',68),(69,'Reptilia',69),(70,'Reptilia',70),(71,'Mammalia',71),(72,'Mammalia',72),(73,'Mammalia',73),(74,'Aves',74);
/*!40000 ALTER TABLE `tb_class` ENABLE KEYS */;
UNLOCK TABLES;

--
-- Table structure for table `tb_content_web`
--

DROP TABLE IF EXISTS `tb_content_web`;
/*!40101 SET @saved_cs_client     = @@character_set_client */;
/*!40101 SET character_set_client = utf8 */;
CREATE TABLE `tb_content_web` (
  `id` int(11) NOT NULL AUTO_INCREMENT,
  `content` text,
  `id_web` int(11) DEFAULT NULL,
  PRIMARY KEY (`id`),
  KEY `id_web` (`id_web`),
  CONSTRAINT `tb_content_web_ibfk_1` FOREIGN KEY (`id_web`) REFERENCES `tb_web` (`id`)
) ENGINE=InnoDB AUTO_INCREMENT=4 DEFAULT CHARSET=latin1;
/*!40101 SET character_set_client = @saved_cs_client */;

--
-- Dumping data for table `tb_content_web`
--

LOCK TABLES `tb_content_web` WRITE;
/*!40000 ALTER TABLE `tb_content_web` DISABLE KEYS */;
INSERT INTO `tb_content_web` VALUES (1,'<?php\r\n  Include \"koneksi.php\";\r\n  include(\"simple_html_dom.php\");\r\n     $html = file_get_html(\"http://a-z-animals.com/animals/african-civet\");\r\n     foreach($html->find(\'table.az-facts td\') as $e)\r\n       {\r\n        echo $e->innertext . \'<br>\';\r\n        $inputhasil = $e->innertext;\r\n        echo $inputhasil;\r\n       }\r\n?>',1),(2,'<?php  \r\ninclude(\"simple_html_dom.php\");\r\nInclude \"koneksi.php\";\r\n$html = file_get_html(\"http://a-z-animals.com/animals/\");\r\nforeach($html->find(\'div[class=az-left-box az-animals-index] a\') as $e)\r\n    {\r\n    $count = $count+1;\r\n    echo $count. \" http://a-z-animals.com\" . $e->href . \'<br>\';\r\n    $hasil = \"http://a-z-animals.com\" . $e->href;\r\n    }\r\n    echo \"FINISH\";\r\n?>',1),(3,'  <?php\r\n       Include \"koneksi.php\";\r\n       include(\"simple_html_dom.php\");\r\n       $pilih = \"SELECT * FROM tb_test WHERE id <= 4\";\r\n       $hasil = mysqli_query($con,$pilih);\r\n       while ($row = mysqli_fetch_array($hasil))\r\n        {\r\n          $html = file_get_html($row[\'info\']);\r\n          foreach($html->find(\'table.az-facts td\') as $e)\r\n            {\r\n             $inputhasil = $e->innertext;\r\n             $inputquery = \"INSERT INTO tmp (isi) VALUES (\'$inputhasil\')\";\r\n             mysqli_query($con,$inputquery);\r\n            }\r\n            $query = \"UPDATE tb_test SET label=1 WHERE id=$row[id]\";\r\n            mysqli_query($con,$query);\r\n        }\r\n  ?>',NULL);
/*!40000 ALTER TABLE `tb_content_web` ENABLE KEYS */;
UNLOCK TABLES;

--
-- Table structure for table `tb_descrip`
--

DROP TABLE IF EXISTS `tb_descrip`;
/*!40101 SET @saved_cs_client     = @@character_set_client */;
/*!40101 SET character_set_client = utf8 */;
CREATE TABLE `tb_descrip` (
  `id` int(11) NOT NULL AUTO_INCREMENT,
  `descrip` text NOT NULL,
  PRIMARY KEY (`id`)
) ENGINE=InnoDB DEFAULT CHARSET=latin1;
/*!40101 SET character_set_client = @saved_cs_client */;

--
-- Dumping data for table `tb_descrip`
--

LOCK TABLES `tb_descrip` WRITE;
/*!40000 ALTER TABLE `tb_descrip` DISABLE KEYS */;
/*!40000 ALTER TABLE `tb_descrip` ENABLE KEYS */;
UNLOCK TABLES;

--
-- Table structure for table `tb_family`
--

DROP TABLE IF EXISTS `tb_family`;
/*!40101 SET @saved_cs_client     = @@character_set_client */;
/*!40101 SET character_set_client = utf8 */;
CREATE TABLE `tb_family` (
  `id_family` int(11) NOT NULL AUTO_INCREMENT,
  `family` text,
  `id_order` int(11) DEFAULT NULL,
  PRIMARY KEY (`id_family`)
) ENGINE=InnoDB AUTO_INCREMENT=73 DEFAULT CHARSET=latin1;
/*!40101 SET character_set_client = @saved_cs_client */;

--
-- Dumping data for table `tb_family`
--

LOCK TABLES `tb_family` WRITE;
/*!40000 ALTER TABLE `tb_family` DISABLE KEYS */;
INSERT INTO `tb_family` VALUES (1,'Orycteropodidae',1),(2,'Spheniscidae',2),(3,'Elephantidae',3),(4,'Viverridae',4),(5,'Pipidae',5),(6,'Elephantidae',6),(7,'Nandiniidae',7),(8,'Spheniscidae',8),(9,'Bufonidae',9),(10,'Canidae',10),(11,'Diomedeidae',11),(12,'Testudinidae',12),(13,'Alligatoridae',13),(14,'Pomacanthidae',14),(15,'Formicidae',15),(16,'Myrmecophagidae',16),(17,'Bovidae',17),(18,'Canidae',18),(19,'Leporidae',19),(20,'Canidae',20),(21,'Dasypodidae',21),(22,'Elephantidae',22),(23,'Vespidae',23),(24,'Viverridae',24),(25,'Ursidae',25),(26,'Recurvirostridae',26),(27,'Ambystomatidae',27),(28,'Daubentoniidae',28),(29,'Cercopithecidae',29),(30,'Camelidae',30),(31,'Mustelidae',31),(32,'Viverridae',32),(33,'Peramelidae',33),(34,'Cyprinidae',34),(35,'Tytonidae',35),(36,'Thecostraca',36),(37,'Sphyraenidae',37),(38,'Cetorhinidae',38),(39,'Microchiroptera ',39),(40,'Ursidae',40),(41,'Agamidae',41),(42,'Castoridae',42),(43,'Coleoptera',43),(44,'Felidae',44),(45,'Viverridae',45),(46,'Paradisaeidae',46),(47,'Bovidae',47),(48,'Ursidae',48),(49,'Rhinocerotidae',49),(50,'Theridiidae',50),(51,'Balaenopteridae',51),(52,'Felidae',52),(53,'Bovidae',53),(54,'Hominidae',54),(55,'Sulidae',55),(56,'Hominidae',56),(57,'Elephantidae',57),(58,'Delphinidae',58),(59,'Ursidae',59),(60,'Psittacidae',60),(61,'Bovidae',61),(62,'Carcharhinidae',62),(63,'Ranidae',63),(64,'Apidae',64),(65,'Myobatrachidae',65),(66,'Chaetodontidae',67),(67,'Alligatoridae',68),(68,'Teiidae',69),(69,'Camelidae',70),(70,'Caviidae',71),(71,'Felidae',72),(72,'Casuariidae',73);
/*!40000 ALTER TABLE `tb_family` ENABLE KEYS */;
UNLOCK TABLES;

--
-- Table structure for table `tb_genus`
--

DROP TABLE IF EXISTS `tb_genus`;
/*!40101 SET @saved_cs_client     = @@character_set_client */;
/*!40101 SET character_set_client = utf8 */;
CREATE TABLE `tb_genus` (
  `id_genus` int(11) NOT NULL AUTO_INCREMENT,
  `genus` text,
  `id_family` int(11) DEFAULT NULL,
  PRIMARY KEY (`id_genus`)
) ENGINE=InnoDB AUTO_INCREMENT=67 DEFAULT CHARSET=latin1;
/*!40101 SET character_set_client = @saved_cs_client */;

--
-- Dumping data for table `tb_genus`
--

LOCK TABLES `tb_genus` WRITE;
/*!40000 ALTER TABLE `tb_genus` DISABLE KEYS */;
INSERT INTO `tb_genus` VALUES (1,'Orycteropus',1),(2,'Pygoscelis',2),(3,'Loxodonta',3),(4,'Civettictis',4),(5,'Xenopus',5),(6,'Loxodonta',6),(7,'Nandinia',7),(8,'Spheniscus',8),(9,'Nectophryne',9),(10,'Lycaon',10),(11,'Geochelone',12),(12,'Alligator',13),(13,'Tamandua',16),(14,'Antilopinae ',17),(15,'Alopex',18),(16,'Lepus ',19),(17,'Canis',20),(18,'Dasypus',21),(19,'Elephas',22),(20,'Vespa',23),(21,'Paradoxurus',24),(22,'Ursus',25),(23,'Recurvirostra',26),(24,'Ambystoma',27),(25,'Daubentonia',28),(26,'Papio',29),(27,'Camelus',30),(28,'Taxidiinae',31),(29,'Hemigalus',32),(30,'Perameles',33),(31,'Barbus',34),(32,'Tyto',35),(33,'Cirripedia',36),(34,'Sphyraena',37),(35,'Cetorhinus',38),(36,'Emballonuridae',39),(37,'Ursus',40),(38,'Pogona',41),(39,'Castor',42),(40,'Panthera',44),(41,'Arctictis',45),(42,'Bison',47),(43,'Ursus',48),(44,'Diceros',49),(45,'Latrodectus',50),(46,'Balaenoptera',51),(47,'Lynx',52),(48,'Tragelaphus',53),(49,'Pan',54),(50,'Sula',55),(51,'Pongo',56),(52,'Elephas',57),(53,'Tursiops',58),(54,'Ursus',59),(55,'Melopsittacus',60),(56,'Syncerus',61),(57,'Carcharhinus',62),(58,'Rana',63),(59,'Bombus',64),(60,'Heleioporus',65),(61,'Caimaninae',67),(62,'Dracaena',68),(63,'Camelus',69),(64,'Hydrochoerus',70),(65,'Caracal',71),(66,'Casuarius',72);
/*!40000 ALTER TABLE `tb_genus` ENABLE KEYS */;
UNLOCK TABLES;

--
-- Table structure for table `tb_kingdom`
--

DROP TABLE IF EXISTS `tb_kingdom`;
/*!40101 SET @saved_cs_client     = @@character_set_client */;
/*!40101 SET character_set_client = utf8 */;
CREATE TABLE `tb_kingdom` (
  `id_kingdom` int(11) NOT NULL AUTO_INCREMENT,
  `kingdom` varchar(20) DEFAULT NULL,
  PRIMARY KEY (`id_kingdom`)
) ENGINE=InnoDB AUTO_INCREMENT=75 DEFAULT CHARSET=latin1;
/*!40101 SET character_set_client = @saved_cs_client */;

--
-- Dumping data for table `tb_kingdom`
--

LOCK TABLES `tb_kingdom` WRITE;
/*!40000 ALTER TABLE `tb_kingdom` DISABLE KEYS */;
INSERT INTO `tb_kingdom` VALUES (1,'Animalia'),(2,'Animalia'),(3,'Animalia'),(4,'Animalia'),(5,'Animalia'),(6,'Animalia'),(7,'Animalia'),(8,'Animalia'),(9,'Animalia'),(10,'Animalia'),(11,'Animalia'),(12,'Animalia'),(13,'Animalia'),(14,'Animalia'),(15,'Animalia'),(16,'Animalia'),(17,'Animalia'),(18,'Animalia'),(19,'Animalia'),(20,'Animalia'),(21,'Animalia'),(22,'Animalia'),(23,'Animalia'),(24,'Animalia'),(25,'Animalia'),(26,'Animalia'),(27,'Animalia'),(28,'Animalia'),(29,'Animalia'),(30,'Animalia'),(31,'Animalia'),(32,'Animalia'),(33,'Animalia'),(34,'Animalia'),(35,'Animalia'),(36,'Animalia'),(37,'Animalia'),(38,'Animalia'),(39,'Animalia'),(40,'Animalia'),(41,'Animalia'),(42,'Animalia'),(43,'Animalia'),(44,'Animalia'),(45,'Animalia'),(46,'Animalia'),(47,'Animalia'),(48,'Animalia'),(49,'Animalia'),(50,'Animalia'),(51,'Animalia'),(52,'Animalia'),(53,'Animalia'),(54,'Animalia'),(55,'Animalia'),(56,'Animalia'),(57,'Animalia'),(58,'Animalia'),(59,'Animalia'),(60,'Animalia'),(61,'Animalia'),(62,'Animalia'),(63,'Animalia'),(64,'Animalia'),(65,'Animalia'),(66,'Animalia'),(67,'Animalia'),(68,'Animalia'),(69,'Animalia'),(70,'Animalia'),(71,'Animalia'),(72,'Animalia'),(73,'Animalia'),(74,'Animalia');
/*!40000 ALTER TABLE `tb_kingdom` ENABLE KEYS */;
UNLOCK TABLES;

--
-- Table structure for table `tb_link`
--

DROP TABLE IF EXISTS `tb_link`;
/*!40101 SET @saved_cs_client     = @@character_set_client */;
/*!40101 SET character_set_client = utf8 */;
CREATE TABLE `tb_link` (
  `id` int(11) NOT NULL AUTO_INCREMENT,
  `info` text,
  `label` char(1) DEFAULT '0',
  PRIMARY KEY (`id`)
) ENGINE=InnoDB AUTO_INCREMENT=627 DEFAULT CHARSET=latin1;
/*!40101 SET character_set_client = @saved_cs_client */;

--
-- Dumping data for table `tb_link`
--

LOCK TABLES `tb_link` WRITE;
/*!40000 ALTER TABLE `tb_link` DISABLE KEYS */;
INSERT INTO `tb_link` VALUES (1,'http://a-z-animals.com#letter-A','1'),(2,'http://a-z-animals.com#letter-E','1'),(3,'http://a-z-animals.com#letter-I','1'),(4,'http://a-z-animals.com#letter-M','1'),(5,'http://a-z-animals.com#letter-Q','1'),(6,'http://a-z-animals.com#letter-U','1'),(7,'http://a-z-animals.com#letter-Y','1'),(8,'http://a-z-animals.com/animals/pictures/A/','1'),(9,'http://a-z-animals.com/animals/aardvark/','1'),(10,'http://a-z-animals.com/animals/abyssinian/','1'),(11,'http://a-z-animals.com/animals/adelie-penguin/','1'),(12,'http://a-z-animals.com/animals/affenpinscher-dog/','1'),(13,'http://a-z-animals.com/animals/afghan-hound/','1'),(14,'http://a-z-animals.com/animals/african-bush-elephant/','1'),(15,'http://a-z-animals.com/animals/african-civet/','1'),(16,'http://a-z-animals.com/animals/african-clawed-frog/','1'),(17,'http://a-z-animals.com/animals/african-forest-elephant/','1'),(18,'http://a-z-animals.com/animals/african-palm-civet/','1'),(19,'http://a-z-animals.com/animals/african-penguin/','1'),(20,'http://a-z-animals.com/animals/african-tree-toad/','1'),(21,'http://a-z-animals.com/animals/african-wild-dog/','1'),(22,'http://a-z-animals.com/animals/ainu-dog/','1'),(23,'http://a-z-animals.com/animals/airedale-terrier/','1'),(24,'http://a-z-animals.com/animals/akbash-dog/','1'),(25,'http://a-z-animals.com/animals/akita-dog/','1'),(26,'http://a-z-animals.com/animals/alaskan-malamute/','1'),(27,'http://a-z-animals.com/animals/albatross/','1'),(28,'http://a-z-animals.com/animals/aldabra-giant-tortoise/','1'),(29,'http://a-z-animals.com/animals/alligator/','1'),(30,'http://a-z-animals.com/animals/alpine-dachsbracke/','1'),(31,'http://a-z-animals.com/animals/american-bulldog/','1'),(32,'http://a-z-animals.com/animals/american-cocker-spaniel/','1'),(33,'http://a-z-animals.com/animals/american-coonhound/','1'),(34,'http://a-z-animals.com/animals/american-eskimo-dog/','1'),(35,'http://a-z-animals.com/animals/american-foxhound/','1'),(36,'http://a-z-animals.com/animals/american-pit-bull-terrier/','1'),(37,'http://a-z-animals.com/animals/american-staffordshire-terrier/','1'),(38,'http://a-z-animals.com/animals/american-water-spaniel/','1'),(39,'http://a-z-animals.com/animals/anatolian-shepherd-dog/','1'),(40,'http://a-z-animals.com/animals/angelfish/','1'),(41,'http://a-z-animals.com/animals/ant/','1'),(42,'http://a-z-animals.com/animals/anteater/','1'),(43,'http://a-z-animals.com/animals/antelope/','1'),(44,'http://a-z-animals.com/animals/appenzeller-dog/','1'),(45,'http://a-z-animals.com/animals/arctic-fox/','1'),(46,'http://a-z-animals.com/animals/arctic-hare/','1'),(47,'http://a-z-animals.com/animals/arctic-wolf/','1'),(48,'http://a-z-animals.com/animals/armadillo/','1'),(49,'http://a-z-animals.com/animals/asian-elephant/','1'),(50,'http://a-z-animals.com/animals/asian-giant-hornet/','1'),(51,'http://a-z-animals.com/animals/asian-palm-civet/','1'),(52,'http://a-z-animals.com/animals/asian-black-bear/','1'),(53,'http://a-z-animals.com/animals/australian-cattle-dog/','1'),(54,'http://a-z-animals.com/animals/australian-kelpie-dog/','1'),(55,'http://a-z-animals.com/animals/australian-mist/','1'),(56,'http://a-z-animals.com/animals/australian-shepherd/','1'),(57,'http://a-z-animals.com/animals/australian-terrier/','1'),(58,'http://a-z-animals.com/animals/avocet/','1'),(59,'http://a-z-animals.com/animals/axolotl/','1'),(60,'http://a-z-animals.com/animals/aye-aye/','1'),(61,'http://a-z-animals.com/animals/pictures/B/','1'),(62,'http://a-z-animals.com/animals/baboon/','1'),(63,'http://a-z-animals.com/animals/bactrian-camel/','1'),(64,'http://a-z-animals.com/animals/badger/','1'),(65,'http://a-z-animals.com/animals/balinese/','1'),(66,'http://a-z-animals.com/animals/banded-palm-civet/','1'),(67,'http://a-z-animals.com/animals/bandicoot/','1'),(68,'http://a-z-animals.com/animals/barb/','1'),(69,'http://a-z-animals.com/animals/barn-owl/','1'),(70,'http://a-z-animals.com/animals/barnacle/','1'),(71,'http://a-z-animals.com/animals/barracuda/','1'),(72,'http://a-z-animals.com/animals/basenji-dog/','1'),(73,'http://a-z-animals.com/animals/basking-shark/','1'),(74,'http://a-z-animals.com/animals/basset-hound/','1'),(75,'http://a-z-animals.com/animals/bat/','1'),(76,'http://a-z-animals.com/animals/bavarian-mountain-hound/','1'),(77,'http://a-z-animals.com/animals/beagle/','1'),(78,'http://a-z-animals.com/animals/bear/','1'),(79,'http://a-z-animals.com/animals/bearded-collie/','1'),(80,'http://a-z-animals.com/animals/bearded-dragon/','1'),(81,'http://a-z-animals.com/animals/beaver/','1'),(82,'http://a-z-animals.com/animals/bedlington-terrier/','1'),(83,'http://a-z-animals.com/animals/beetle/','1'),(84,'http://a-z-animals.com/animals/bengal-tiger/','1'),(85,'http://a-z-animals.com/animals/bernese-mountain-dog/','1'),(86,'http://a-z-animals.com/animals/bichon-frise/','1'),(87,'http://a-z-animals.com/animals/binturong/','1'),(88,'http://a-z-animals.com/animals/bird/','1'),(89,'http://a-z-animals.com/animals/birds-of-paradise/','1'),(90,'http://a-z-animals.com/animals/birman/','1'),(91,'http://a-z-animals.com/animals/bison/','1'),(92,'http://a-z-animals.com/animals/black-bear/','1'),(93,'http://a-z-animals.com/animals/black-rhinoceros/','1'),(94,'http://a-z-animals.com/animals/black-russian-terrier/','1'),(95,'http://a-z-animals.com/animals/black-widow-spider/','1'),(96,'http://a-z-animals.com/animals/bloodhound/','1'),(97,'http://a-z-animals.com/animals/blue-lacy-dog/','1'),(98,'http://a-z-animals.com/animals/blue-whale/','1'),(99,'http://a-z-animals.com/animals/bluetick-coonhound/','1'),(100,'http://a-z-animals.com/animals/bobcat/','1'),(101,'http://a-z-animals.com/animals/bolognese-dog/','1'),(102,'http://a-z-animals.com/animals/bombay/','1'),(103,'http://a-z-animals.com/animals/bongo/','1'),(104,'http://a-z-animals.com/animals/bonobo/','1'),(105,'http://a-z-animals.com/animals/booby/','1'),(106,'http://a-z-animals.com/animals/border-collie/','1'),(107,'http://a-z-animals.com/animals/border-terrier/','1'),(108,'http://a-z-animals.com/animals/bornean-orang-utan/','1'),(109,'http://a-z-animals.com/animals/borneo-elephant/','1'),(110,'http://a-z-animals.com/animals/boston-terrier/','1'),(111,'http://a-z-animals.com/animals/bottle-nosed-dolphin/','1'),(112,'http://a-z-animals.com/animals/boxer-dog/','1'),(113,'http://a-z-animals.com/animals/boykin-spaniel/','1'),(114,'http://a-z-animals.com/animals/brazilian-terrier/','1'),(115,'http://a-z-animals.com/animals/brown-bear/','1'),(116,'http://a-z-animals.com/animals/budgerigar/','1'),(117,'http://a-z-animals.com/animals/buffalo/','1'),(118,'http://a-z-animals.com/animals/bull-mastiff/','1'),(119,'http://a-z-animals.com/animals/bull-shark/','1'),(120,'http://a-z-animals.com/animals/bull-terrier/','1'),(121,'http://a-z-animals.com/animals/bulldog/','1'),(122,'http://a-z-animals.com/animals/bullfrog/','1'),(123,'http://a-z-animals.com/animals/bumble-bee/','1'),(124,'http://a-z-animals.com/animals/burmese/','1'),(125,'http://a-z-animals.com/animals/burrowing-frog/','1'),(126,'http://a-z-animals.com/animals/butterfly/','1'),(127,'http://a-z-animals.com/animals/butterfly-fish/','1'),(128,'http://a-z-animals.com/animals/pictures/C/','1'),(129,'http://a-z-animals.com/animals/caiman/','1'),(130,'http://a-z-animals.com/animals/caiman-lizard/','1'),(131,'http://a-z-animals.com/animals/cairn-terrier/','1'),(132,'http://a-z-animals.com/animals/camel/','1'),(133,'http://a-z-animals.com/animals/canaan-dog/','1'),(134,'http://a-z-animals.com/animals/capybara/','1'),(135,'http://a-z-animals.com/animals/caracal/','1'),(136,'http://a-z-animals.com/animals/carolina-dog/','1'),(137,'http://a-z-animals.com/animals/cassowary/','0'),(138,'http://a-z-animals.com/animals/cat/','0'),(139,'http://a-z-animals.com/animals/caterpillar/','0'),(140,'http://a-z-animals.com/animals/catfish/','0'),(141,'http://a-z-animals.com/animals/cavalier-king-charles-spaniel/','0'),(142,'http://a-z-animals.com/animals/centipede/','0'),(143,'http://a-z-animals.com/animals/cesky-fousek/','0'),(144,'http://a-z-animals.com/animals/chameleon/','0'),(145,'http://a-z-animals.com/animals/chamois/','0'),(146,'http://a-z-animals.com/animals/cheetah/','0'),(147,'http://a-z-animals.com/animals/chesapeake-bay-retriever/','0'),(148,'http://a-z-animals.com/animals/chicken/','0'),(149,'http://a-z-animals.com/animals/chihuahua/','0'),(150,'http://a-z-animals.com/animals/chimpanzee/','0'),(151,'http://a-z-animals.com/animals/chinchilla/','0'),(152,'http://a-z-animals.com/animals/chinese-crested-dog/','0'),(153,'http://a-z-animals.com/animals/chinook/','0'),(154,'http://a-z-animals.com/animals/chinstrap-penguin/','0'),(155,'http://a-z-animals.com/animals/chipmunk/','0'),(156,'http://a-z-animals.com/animals/chow-chow/','0'),(157,'http://a-z-animals.com/animals/cichlid/','0'),(158,'http://a-z-animals.com/animals/clouded-leopard/','0'),(159,'http://a-z-animals.com/animals/clown-fish/','0'),(160,'http://a-z-animals.com/animals/clumber-spaniel/','0'),(161,'http://a-z-animals.com/animals/coati/','0'),(162,'http://a-z-animals.com/animals/cockroach/','0'),(163,'http://a-z-animals.com/animals/collared-peccary/','0'),(164,'http://a-z-animals.com/animals/collie/','0'),(165,'http://a-z-animals.com/animals/common-buzzard/','0'),(166,'http://a-z-animals.com/animals/common-frog/','0'),(167,'http://a-z-animals.com/animals/common-loon/','0'),(168,'http://a-z-animals.com/animals/common-toad/','0'),(169,'http://a-z-animals.com/animals/coral/','0'),(170,'http://a-z-animals.com/animals/cottontop-tamarin/','0'),(171,'http://a-z-animals.com/animals/cougar/','0'),(172,'http://a-z-animals.com/animals/cow/','0'),(173,'http://a-z-animals.com/animals/coyote/','0'),(174,'http://a-z-animals.com/animals/crab/','0'),(175,'http://a-z-animals.com/animals/crab-eating-macaque/','0'),(176,'http://a-z-animals.com/animals/crane/','0'),(177,'http://a-z-animals.com/animals/crested-penguin/','0'),(178,'http://a-z-animals.com/animals/crocodile/','0'),(179,'http://a-z-animals.com/animals/cross-river-gorilla/','0'),(180,'http://a-z-animals.com/animals/curly-coated-retriever/','0'),(181,'http://a-z-animals.com/animals/cuscus/','0'),(182,'http://a-z-animals.com/animals/cuttlefish/','0'),(183,'http://a-z-animals.com/animals/pictures/D/','0'),(184,'http://a-z-animals.com/animals/dachshund/','0'),(185,'http://a-z-animals.com/animals/dalmation/','0'),(186,'http://a-z-animals.com/animals/darwins-frog/','0'),(187,'http://a-z-animals.com/animals/deer/','0'),(188,'http://a-z-animals.com/animals/desert-tortoise/','0'),(189,'http://a-z-animals.com/animals/deutsche-bracke/','0'),(190,'http://a-z-animals.com/animals/dhole/','0'),(191,'http://a-z-animals.com/animals/dingo/','0'),(192,'http://a-z-animals.com/animals/discus/','0'),(193,'http://a-z-animals.com/animals/doberman-pinscher/','0'),(194,'http://a-z-animals.com/animals/dodo/','0'),(195,'http://a-z-animals.com/animals/dog/','0'),(196,'http://a-z-animals.com/animals/dogo-argentino/','0'),(197,'http://a-z-animals.com/animals/dogue-de-bordeaux/','0'),(198,'http://a-z-animals.com/animals/dolphin/','0'),(199,'http://a-z-animals.com/animals/donkey/','0'),(200,'http://a-z-animals.com/animals/dormouse/','0'),(201,'http://a-z-animals.com/animals/dragonfly/','0'),(202,'http://a-z-animals.com/animals/drever/','0'),(203,'http://a-z-animals.com/animals/duck/','0'),(204,'http://a-z-animals.com/animals/dugong/','0'),(205,'http://a-z-animals.com/animals/dunker/','0'),(206,'http://a-z-animals.com/animals/dusky-dolphin/','0'),(207,'http://a-z-animals.com/animals/dwarf-crocodile/','0'),(208,'http://a-z-animals.com/animals/pictures/E/','0'),(209,'http://a-z-animals.com/animals/eagle/','0'),(210,'http://a-z-animals.com/animals/earwig/','0'),(211,'http://a-z-animals.com/animals/eastern-gorilla/','0'),(212,'http://a-z-animals.com/animals/eastern-lowland-gorilla/','0'),(213,'http://a-z-animals.com/animals/echidna/','0'),(214,'http://a-z-animals.com/animals/edible-frog/','0'),(215,'http://a-z-animals.com/animals/egyptian-mau/','0'),(216,'http://a-z-animals.com/animals/electric-eel/','0'),(217,'http://a-z-animals.com/animals/elephant/','0'),(218,'http://a-z-animals.com/animals/elephant-seal/','0'),(219,'http://a-z-animals.com/animals/elephant-shrew/','0'),(220,'http://a-z-animals.com/animals/emperor-penguin/','0'),(221,'http://a-z-animals.com/animals/emperor-tamarin/','0'),(222,'http://a-z-animals.com/animals/emu/','0'),(223,'http://a-z-animals.com/animals/english-cocker-spaniel/','0'),(224,'http://a-z-animals.com/animals/english-shepherd/','0'),(225,'http://a-z-animals.com/animals/english-springer-spaniel/','0'),(226,'http://a-z-animals.com/animals/entlebucher-mountain-dog/','0'),(227,'http://a-z-animals.com/animals/epagneul-pont-audemer/','0'),(228,'http://a-z-animals.com/animals/eskimo-dog/','0'),(229,'http://a-z-animals.com/animals/estrela-mountain-dog/','0'),(230,'http://a-z-animals.com/animals/pictures/F/','0'),(231,'http://a-z-animals.com/animals/falcon/','0'),(232,'http://a-z-animals.com/animals/fennec-fox/','0'),(233,'http://a-z-animals.com/animals/ferret/','0'),(234,'http://a-z-animals.com/animals/field-spaniel/','0'),(235,'http://a-z-animals.com/animals/fin-whale/','0'),(236,'http://a-z-animals.com/animals/finnish-sptiz/','0'),(237,'http://a-z-animals.com/animals/fire-bellied-toad/','0'),(238,'http://a-z-animals.com/animals/fish/','0'),(239,'http://a-z-animals.com/animals/fishing-cat/','0'),(240,'http://a-z-animals.com/animals/flamingo/','0'),(241,'http://a-z-animals.com/animals/flat-coat-retriever/','0'),(242,'http://a-z-animals.com/animals/flounder/','0'),(243,'http://a-z-animals.com/animals/fly/','0'),(244,'http://a-z-animals.com/animals/flying-squirrel/','0'),(245,'http://a-z-animals.com/animals/fossa/','0'),(246,'http://a-z-animals.com/animals/fox/','0'),(247,'http://a-z-animals.com/animals/fox-terrier/','0'),(248,'http://a-z-animals.com/animals/french-bulldog/','0'),(249,'http://a-z-animals.com/animals/frigatebird/','0'),(250,'http://a-z-animals.com/animals/frilled-lizard/','0'),(251,'http://a-z-animals.com/animals/frog/','0'),(252,'http://a-z-animals.com/animals/fur-seal/','0'),(253,'http://a-z-animals.com/animals/pictures/G/','0'),(254,'http://a-z-animals.com/animals/galapagos-penguin/','0'),(255,'http://a-z-animals.com/animals/galapagos-tortoise/','0'),(256,'http://a-z-animals.com/animals/gar/','0'),(257,'http://a-z-animals.com/animals/gecko/','0'),(258,'http://a-z-animals.com/animals/gentoo-penguin/','0'),(259,'http://a-z-animals.com/animals/geoffroys-tamarin/','0'),(260,'http://a-z-animals.com/animals/gerbil/','0'),(261,'http://a-z-animals.com/animals/german-pinscher/','0'),(262,'http://a-z-animals.com/animals/german-shepherd/','0'),(263,'http://a-z-animals.com/animals/gharial/','0'),(264,'http://a-z-animals.com/animals/giant-african-land-snail/','0'),(265,'http://a-z-animals.com/animals/giant-clam/','0'),(266,'http://a-z-animals.com/animals/giant-panda-bear/','0'),(267,'http://a-z-animals.com/animals/giant-schauzer/','0'),(268,'http://a-z-animals.com/animals/gibbon/','0'),(269,'http://a-z-animals.com/animals/gila-monster/','0'),(270,'http://a-z-animals.com/animals/giraffe/','0'),(271,'http://a-z-animals.com/animals/glass-lizard/','0'),(272,'http://a-z-animals.com/animals/glow-worm/','0'),(273,'http://a-z-animals.com/animals/goat/','0'),(274,'http://a-z-animals.com/animals/golden-lion-tamarin/','0'),(275,'http://a-z-animals.com/animals/golden-oriole/','0'),(276,'http://a-z-animals.com/animals/golden-retriever/','0'),(277,'http://a-z-animals.com/animals/goose/','0'),(278,'http://a-z-animals.com/animals/gopher/','0'),(279,'http://a-z-animals.com/animals/gorilla/','0'),(280,'http://a-z-animals.com/animals/grasshopper/','0'),(281,'http://a-z-animals.com/animals/great-dane/','0'),(282,'http://a-z-animals.com/animals/great-white-shark/','0'),(283,'http://a-z-animals.com/animals/greater-swiss-mountain-dog/','0'),(284,'http://a-z-animals.com/animals/green-bee-eater/','0'),(285,'http://a-z-animals.com/animals/greenland-dog/','0'),(286,'http://a-z-animals.com/animals/grey-mouse-lemur/','0'),(287,'http://a-z-animals.com/animals/grey-reef-shark/','0'),(288,'http://a-z-animals.com/animals/grey-seal/','0'),(289,'http://a-z-animals.com/animals/greyhound/','0'),(290,'http://a-z-animals.com/animals/grizzly-bear/','0'),(291,'http://a-z-animals.com/animals/grouse/','0'),(292,'http://a-z-animals.com/animals/guinea-fowl/','0'),(293,'http://a-z-animals.com/animals/guinea-pig/','0'),(294,'http://a-z-animals.com/animals/guppy/','0'),(295,'http://a-z-animals.com/animals/pictures/H/','0'),(296,'http://a-z-animals.com/animals/hammerhead-shark/','0'),(297,'http://a-z-animals.com/animals/hamster/','0'),(298,'http://a-z-animals.com/animals/hare/','0'),(299,'http://a-z-animals.com/animals/harrier/','0'),(300,'http://a-z-animals.com/animals/havanese/','0'),(301,'http://a-z-animals.com/animals/hedgehog/','0'),(302,'http://a-z-animals.com/animals/hercules-beetle/','0'),(303,'http://a-z-animals.com/animals/hermit-crab/','0'),(304,'http://a-z-animals.com/animals/heron/','0'),(305,'http://a-z-animals.com/animals/highland-cattle/','0'),(306,'http://a-z-animals.com/animals/himalayan/','0'),(307,'http://a-z-animals.com/animals/hippo/','0'),(308,'http://a-z-animals.com/animals/honey-bee/','0'),(309,'http://a-z-animals.com/animals/horn-shark/','0'),(310,'http://a-z-animals.com/animals/horned-frog/','0'),(311,'http://a-z-animals.com/animals/horse/','0'),(312,'http://a-z-animals.com/animals/horseshoe-crab/','0'),(313,'http://a-z-animals.com/animals/howler-monkey/','0'),(314,'http://a-z-animals.com/animals/human/','0'),(315,'http://a-z-animals.com/animals/humboldt-penguin/','0'),(316,'http://a-z-animals.com/animals/hummingbird/','0'),(317,'http://a-z-animals.com/animals/humpback-whale/','0'),(318,'http://a-z-animals.com/animals/hyena/','0'),(319,'http://a-z-animals.com/animals/pictures/I/','0'),(320,'http://a-z-animals.com/animals/ibis/','0'),(321,'http://a-z-animals.com/animals/ibizan-hound/','0'),(322,'http://a-z-animals.com/animals/iguana/','0'),(323,'http://a-z-animals.com/animals/impala/','0'),(324,'http://a-z-animals.com/animals/indian-elephant/','0'),(325,'http://a-z-animals.com/animals/indian-palm-squirrel/','0'),(326,'http://a-z-animals.com/animals/indian-rhinoceros/','0'),(327,'http://a-z-animals.com/animals/indian-star-tortoise/','0'),(328,'http://a-z-animals.com/animals/indochinese-tiger/','0'),(329,'http://a-z-animals.com/animals/indri/','0'),(330,'http://a-z-animals.com/animals/insect/','0'),(331,'http://a-z-animals.com/animals/irish-setter/','0'),(332,'http://a-z-animals.com/animals/irish-wolfhound/','0'),(333,'http://a-z-animals.com/animals/pictures/J/','0'),(334,'http://a-z-animals.com/animals/jack-russel/','0'),(335,'http://a-z-animals.com/animals/jackal/','0'),(336,'http://a-z-animals.com/animals/jaguar/','0'),(337,'http://a-z-animals.com/animals/japanese-chin/','0'),(338,'http://a-z-animals.com/animals/japanese-macaque/','0'),(339,'http://a-z-animals.com/animals/javan-rhinoceros/','0'),(340,'http://a-z-animals.com/animals/javanese/','0'),(341,'http://a-z-animals.com/animals/jellyfish/','0'),(342,'http://a-z-animals.com/animals/pictures/K/','0'),(343,'http://a-z-animals.com/animals/kakapo/','0'),(344,'http://a-z-animals.com/animals/kangaroo/','0'),(345,'http://a-z-animals.com/animals/keel-billed-toucan/','0'),(346,'http://a-z-animals.com/animals/killer-whale/','0'),(347,'http://a-z-animals.com/animals/king-crab/','0'),(348,'http://a-z-animals.com/animals/king-penguin/','0'),(349,'http://a-z-animals.com/animals/kingfisher/','0'),(350,'http://a-z-animals.com/animals/kiwi/','0'),(351,'http://a-z-animals.com/animals/koala/','0'),(352,'http://a-z-animals.com/animals/komodo-dragon/','0'),(353,'http://a-z-animals.com/animals/kudu/','0'),(354,'http://a-z-animals.com/animals/pictures/L/','0'),(355,'http://a-z-animals.com/animals/labradoodle/','0'),(356,'http://a-z-animals.com/animals/labrador-retriever/','0'),(357,'http://a-z-animals.com/animals/ladybird/','0'),(358,'http://a-z-animals.com/animals/leaf-tailed-gecko/','0'),(359,'http://a-z-animals.com/animals/lemming/','0'),(360,'http://a-z-animals.com/animals/lemur/','0'),(361,'http://a-z-animals.com/animals/leopard/','0'),(362,'http://a-z-animals.com/animals/leopard-cat/','0'),(363,'http://a-z-animals.com/animals/leopard-seal/','0'),(364,'http://a-z-animals.com/animals/leopard-tortoise/','0'),(365,'http://a-z-animals.com/animals/liger/','0'),(366,'http://a-z-animals.com/animals/lion/','0'),(367,'http://a-z-animals.com/animals/lionfish/','0'),(368,'http://a-z-animals.com/animals/little-penguin/','0'),(369,'http://a-z-animals.com/animals/lizard/','0'),(370,'http://a-z-animals.com/animals/llama/','0'),(371,'http://a-z-animals.com/animals/lobster/','0'),(372,'http://a-z-animals.com/animals/long-eared-owl/','0'),(373,'http://a-z-animals.com/animals/lynx/','0'),(374,'http://a-z-animals.comjavascript:;','0'),(375,'http://a-z-animals.com/animals/pictures/M/','0'),(376,'http://a-z-animals.com/animals/macaroni-penguin/','0'),(377,'http://a-z-animals.com/animals/macaw/','0'),(378,'http://a-z-animals.com/animals/magellanic-penguin/','0'),(379,'http://a-z-animals.com/animals/magpie/','0'),(380,'http://a-z-animals.com/animals/maine-coon/','0'),(381,'http://a-z-animals.com/animals/malayan-civet/','0'),(382,'http://a-z-animals.com/animals/malayan-tiger/','0'),(383,'http://a-z-animals.com/animals/maltese/','0'),(384,'http://a-z-animals.com/animals/manatee/','0'),(385,'http://a-z-animals.com/animals/mandrill/','0'),(386,'http://a-z-animals.com/animals/manta-ray/','0'),(387,'http://a-z-animals.com/animals/marine-toad/','0'),(388,'http://a-z-animals.com/animals/markhor/','0'),(389,'http://a-z-animals.com/animals/marsh-frog/','0'),(390,'http://a-z-animals.com/animals/masked-palm-civet/','0'),(391,'http://a-z-animals.com/animals/mastiff/','0'),(392,'http://a-z-animals.com/animals/mayfly/','0'),(393,'http://a-z-animals.com/animals/meerkat/','0'),(394,'http://a-z-animals.com/animals/millipede/','0'),(395,'http://a-z-animals.com/animals/minke-whale/','0'),(396,'http://a-z-animals.com/animals/mole/','0'),(397,'http://a-z-animals.com/animals/molly/','0'),(398,'http://a-z-animals.com/animals/mongoose/','0'),(399,'http://a-z-animals.com/animals/mongrel/','0'),(400,'http://a-z-animals.com/animals/monitor-lizard/','0'),(401,'http://a-z-animals.com/animals/monkey/','0'),(402,'http://a-z-animals.com/animals/monte-iberia-eleuth/','0'),(403,'http://a-z-animals.com/animals/moorhen/','0'),(404,'http://a-z-animals.com/animals/moose/','0'),(405,'http://a-z-animals.com/animals/moray-eel/','0'),(406,'http://a-z-animals.com/animals/moth/','0'),(407,'http://a-z-animals.com/animals/mountain-gorilla/','0'),(408,'http://a-z-animals.com/animals/mountain-lion/','0'),(409,'http://a-z-animals.com/animals/mouse/','0'),(410,'http://a-z-animals.com/animals/mule/','0'),(411,'http://a-z-animals.com/animals/pictures/N/','0'),(412,'http://a-z-animals.com/animals/neanderthal/','0'),(413,'http://a-z-animals.com/animals/neapolitan-mastiff/','0'),(414,'http://a-z-animals.com/animals/newfoundland/','0'),(415,'http://a-z-animals.com/animals/newt/','0'),(416,'http://a-z-animals.com/animals/nightingale/','0'),(417,'http://a-z-animals.com/animals/norfolk-terrier/','0'),(418,'http://a-z-animals.com/animals/norwegian-forest/','0'),(419,'http://a-z-animals.com/animals/numbat/','0'),(420,'http://a-z-animals.com/animals/nurse-shark/','0'),(421,'http://a-z-animals.com/animals/pictures/O/','0'),(422,'http://a-z-animals.com/animals/ocelot/','0'),(423,'http://a-z-animals.com/animals/octopus/','0'),(424,'http://a-z-animals.com/animals/okapi/','0'),(425,'http://a-z-animals.com/animals/old-english-sheepdog/','0'),(426,'http://a-z-animals.com/animals/olm/','0'),(427,'http://a-z-animals.com/animals/opossum/','0'),(428,'http://a-z-animals.com/animals/orang-utan/','0'),(429,'http://a-z-animals.com/animals/ostrich/','0'),(430,'http://a-z-animals.com/animals/otter/','0'),(431,'http://a-z-animals.com/animals/oyster/','0'),(432,'http://a-z-animals.com/animals/pictures/P/','0'),(433,'http://a-z-animals.com/animals/pademelon/','0'),(434,'http://a-z-animals.com/animals/panther/','0'),(435,'http://a-z-animals.com/animals/parrot/','0'),(436,'http://a-z-animals.com/animals/patas-monkey/','0'),(437,'http://a-z-animals.com/animals/peacock/','0'),(438,'http://a-z-animals.com/animals/pekingese/','0'),(439,'http://a-z-animals.com/animals/pelican/','0'),(440,'http://a-z-animals.com/animals/penguin/','0'),(441,'http://a-z-animals.com/animals/persian/','0'),(442,'http://a-z-animals.com/animals/pheasant/','0'),(443,'http://a-z-animals.com/animals/pied-tamarin/','0'),(444,'http://a-z-animals.com/animals/pig/','0'),(445,'http://a-z-animals.com/animals/pika/','0'),(446,'http://a-z-animals.com/animals/pike/','0'),(447,'http://a-z-animals.com/animals/pink-fairy-armadillo/','0'),(448,'http://a-z-animals.com/animals/piranha/','0'),(449,'http://a-z-animals.com/animals/platypus/','0'),(450,'http://a-z-animals.com/animals/pointer/','0'),(451,'http://a-z-animals.com/animals/poison-dart-frog/','0'),(452,'http://a-z-animals.com/animals/polar-bear/','0'),(453,'http://a-z-animals.com/animals/pond-skater/','0'),(454,'http://a-z-animals.com/animals/poodle/','0'),(455,'http://a-z-animals.com/animals/pool-frog/','0'),(456,'http://a-z-animals.com/animals/porcupine/','0'),(457,'http://a-z-animals.com/animals/possum/','0'),(458,'http://a-z-animals.com/animals/prawn/','0'),(459,'http://a-z-animals.com/animals/proboscis-monkey/','0'),(460,'http://a-z-animals.com/animals/puffer-fish/','0'),(461,'http://a-z-animals.com/animals/puffin/','0'),(462,'http://a-z-animals.com/animals/pug/','0'),(463,'http://a-z-animals.com/animals/puma/','0'),(464,'http://a-z-animals.com/animals/purple-emperor/','0'),(465,'http://a-z-animals.com/animals/puss-moth/','0'),(466,'http://a-z-animals.com/animals/pygmy-hippopotamus/','0'),(467,'http://a-z-animals.com/animals/pygmy-marmoset/','0'),(468,'http://a-z-animals.com/animals/pictures/Q/','0'),(469,'http://a-z-animals.com/animals/quail/','0'),(470,'http://a-z-animals.com/animals/quetzal/','0'),(471,'http://a-z-animals.com/animals/quokka/','0'),(472,'http://a-z-animals.com/animals/quoll/','0'),(473,'http://a-z-animals.com/animals/pictures/R/','0'),(474,'http://a-z-animals.com/animals/rabbit/','0'),(475,'http://a-z-animals.com/animals/raccoon/','0'),(476,'http://a-z-animals.com/animals/raccoon-dog/','0'),(477,'http://a-z-animals.com/animals/radiated-tortoise/','0'),(478,'http://a-z-animals.com/animals/ragdoll/','0'),(479,'http://a-z-animals.com/animals/rat/','0'),(480,'http://a-z-animals.com/animals/rattlesnake/','0'),(481,'http://a-z-animals.com/animals/red-knee-tarantula/','0'),(482,'http://a-z-animals.com/animals/red-panda/','0'),(483,'http://a-z-animals.com/animals/red-wolf/','0'),(484,'http://a-z-animals.com/animals/red-handed-tamarin/','0'),(485,'http://a-z-animals.com/animals/reindeer/','0'),(486,'http://a-z-animals.com/animals/rhino/','0'),(487,'http://a-z-animals.com/animals/river-dolphin/','0'),(488,'http://a-z-animals.com/animals/river-turtle/','0'),(489,'http://a-z-animals.com/animals/robin/','0'),(490,'http://a-z-animals.com/animals/rock-hyrax/','0'),(491,'http://a-z-animals.com/animals/rockhopper-penguin/','0'),(492,'http://a-z-animals.com/animals/roseate-spoonbill/','0'),(493,'http://a-z-animals.com/animals/rottweiler/','0'),(494,'http://a-z-animals.com/animals/royal-penguin/','0'),(495,'http://a-z-animals.com/animals/russian-blue/','0'),(496,'http://a-z-animals.com/animals/pictures/S/','0'),(497,'http://a-z-animals.com/animals/sabre-toothed-tiger/','0'),(498,'http://a-z-animals.com/animals/saint-bernard/','0'),(499,'http://a-z-animals.com/animals/salamander/','0'),(500,'http://a-z-animals.com/animals/sand-lizard/','0'),(501,'http://a-z-animals.com/animals/saola/','0'),(502,'http://a-z-animals.com/animals/scorpion/','0'),(503,'http://a-z-animals.com/animals/scorpion-fish/','0'),(504,'http://a-z-animals.com/animals/sea-dragon/','0'),(505,'http://a-z-animals.com/animals/sea-lion/','0'),(506,'http://a-z-animals.com/animals/sea-otter/','0'),(507,'http://a-z-animals.com/animals/sea-slug/','0'),(508,'http://a-z-animals.com/animals/sea-squirt/','0'),(509,'http://a-z-animals.com/animals/sea-turtle/','0'),(510,'http://a-z-animals.com/animals/sea-urchin/','0'),(511,'http://a-z-animals.com/animals/seahorse/','0'),(512,'http://a-z-animals.com/animals/seal/','0'),(513,'http://a-z-animals.com/animals/serval/','0'),(514,'http://a-z-animals.com/animals/sheep/','0'),(515,'http://a-z-animals.com/animals/shih-tzu/','0'),(516,'http://a-z-animals.com/animals/shrimp/','0'),(517,'http://a-z-animals.com/animals/siamese/','0'),(518,'http://a-z-animals.com/animals/siamese-fighting-fish/','0'),(519,'http://a-z-animals.com/animals/siberian/','0'),(520,'http://a-z-animals.com/animals/siberian-husky/','0'),(521,'http://a-z-animals.com/animals/siberian-tiger/','0'),(522,'http://a-z-animals.com/animals/silver-dollar/','0'),(523,'http://a-z-animals.com/animals/skunk/','0'),(524,'http://a-z-animals.com/animals/sloth/','0'),(525,'http://a-z-animals.com/animals/slow-worm/','0'),(526,'http://a-z-animals.com/animals/snail/','0'),(527,'http://a-z-animals.com/animals/snake/','0'),(528,'http://a-z-animals.com/animals/snapping-turtle/','0'),(529,'http://a-z-animals.com/animals/snowshoe/','0'),(530,'http://a-z-animals.com/animals/snowy-owl/','0'),(531,'http://a-z-animals.com/animals/somali/','0'),(532,'http://a-z-animals.com/animals/south-china-tiger/','0'),(533,'http://a-z-animals.com/animals/spadefoot-toad/','0'),(534,'http://a-z-animals.com/animals/sparrow/','0'),(535,'http://a-z-animals.com/animals/spectacled-bear/','0'),(536,'http://a-z-animals.com/animals/sperm-whale/','0'),(537,'http://a-z-animals.com/animals/spider-monkey/','0'),(538,'http://a-z-animals.com/animals/spiny-dogfish/','0'),(539,'http://a-z-animals.com/animals/sponge/','0'),(540,'http://a-z-animals.com/animals/squid/','0'),(541,'http://a-z-animals.com/animals/squirrel/','0'),(542,'http://a-z-animals.com/animals/squirrel-monkey/','0'),(543,'http://a-z-animals.com/animals/sri-lankan-elephant/','0'),(544,'http://a-z-animals.com/animals/staffordshire-bull-terrier/','0'),(545,'http://a-z-animals.com/animals/stag-beetle/','0'),(546,'http://a-z-animals.com/animals/starfish/','0'),(547,'http://a-z-animals.com/animals/stellers-sea-cow/','0'),(548,'http://a-z-animals.com/animals/stick-insect/','0'),(549,'http://a-z-animals.com/animals/stingray/','0'),(550,'http://a-z-animals.com/animals/stoat/','0'),(551,'http://a-z-animals.com/animals/striped-rocket-frog/','0'),(552,'http://a-z-animals.com/animals/sumatran-elephant/','0'),(553,'http://a-z-animals.com/animals/sumatran-orang-utan/','0'),(554,'http://a-z-animals.com/animals/sumatran-rhinoceros/','0'),(555,'http://a-z-animals.com/animals/sumatran-tiger/','0'),(556,'http://a-z-animals.com/animals/sun-bear/','0'),(557,'http://a-z-animals.com/animals/swan/','0'),(558,'http://a-z-animals.com/animals/pictures/T/','0'),(559,'http://a-z-animals.com/animals/tang/','0'),(560,'http://a-z-animals.com/animals/tapir/','0'),(561,'http://a-z-animals.com/animals/tarsier/','0'),(562,'http://a-z-animals.com/animals/tasmanian-devil/','0'),(563,'http://a-z-animals.com/animals/tawny-owl/','0'),(564,'http://a-z-animals.com/animals/termite/','0'),(565,'http://a-z-animals.com/animals/tetra/','0'),(566,'http://a-z-animals.com/animals/thorny-devil/','0'),(567,'http://a-z-animals.com/animals/tibetan-mastiff/','0'),(568,'http://a-z-animals.com/animals/tiffany/','0'),(569,'http://a-z-animals.com/animals/tiger/','0'),(570,'http://a-z-animals.com/animals/tiger-salamander/','0'),(571,'http://a-z-animals.com/animals/tiger-shark/','0'),(572,'http://a-z-animals.com/animals/tortoise/','0'),(573,'http://a-z-animals.com/animals/toucan/','0'),(574,'http://a-z-animals.com/animals/tree-frog/','0'),(575,'http://a-z-animals.com/animals/tropicbird/','0'),(576,'http://a-z-animals.com/animals/tuatara/','0'),(577,'http://a-z-animals.com/animals/turkey/','0'),(578,'http://a-z-animals.com/animals/turkish-angora/','0'),(579,'http://a-z-animals.com/animals/pictures/U/','0'),(580,'http://a-z-animals.com/animals/uakari/','0'),(581,'http://a-z-animals.com/animals/uguisu/','0'),(582,'http://a-z-animals.com/animals/umbrellabird/','0'),(583,'http://a-z-animals.com/animals/pictures/V/','0'),(584,'http://a-z-animals.com/animals/vampire-bat/','0'),(585,'http://a-z-animals.com/animals/vervet-monkey/','0'),(586,'http://a-z-animals.com/animals/vulture/','0'),(587,'http://a-z-animals.com/animals/pictures/W/','0'),(588,'http://a-z-animals.com/animals/wallaby/','0'),(589,'http://a-z-animals.com/animals/walrus/','0'),(590,'http://a-z-animals.com/animals/warthog/','0'),(591,'http://a-z-animals.com/animals/wasp/','0'),(592,'http://a-z-animals.com/animals/water-buffalo/','0'),(593,'http://a-z-animals.com/animals/water-dragon/','0'),(594,'http://a-z-animals.com/animals/water-vole/','0'),(595,'http://a-z-animals.com/animals/weasel/','0'),(596,'http://a-z-animals.com/animals/welsh-corgi/','0'),(597,'http://a-z-animals.com/animals/west-highland-terrier/','0'),(598,'http://a-z-animals.com/animals/western-gorilla/','0'),(599,'http://a-z-animals.com/animals/western-lowland-gorilla/','0'),(600,'http://a-z-animals.com/animals/whale-shark/','0'),(601,'http://a-z-animals.com/animals/whippet/','0'),(602,'http://a-z-animals.com/animals/white-faced-capuchin/','0'),(603,'http://a-z-animals.com/animals/white-rhino/','0'),(604,'http://a-z-animals.com/animals/white-tiger/','0'),(605,'http://a-z-animals.com/animals/wild-boar/','0'),(606,'http://a-z-animals.com/animals/wildebeest/','0'),(607,'http://a-z-animals.com/animals/wolf/','0'),(608,'http://a-z-animals.com/animals/wolverine/','0'),(609,'http://a-z-animals.com/animals/wombat/','0'),(610,'http://a-z-animals.com/animals/woodlouse/','0'),(611,'http://a-z-animals.com/animals/woodpecker/','0'),(612,'http://a-z-animals.com/animals/woolly-mammoth/','0'),(613,'http://a-z-animals.com/animals/woolly-monkey/','0'),(614,'http://a-z-animals.com/animals/wrasse/','0'),(615,'http://a-z-animals.com/animals/pictures/X/','0'),(616,'http://a-z-animals.com/animals/x-ray-tetra/','0'),(617,'http://a-z-animals.com/animals/pictures/Y/','0'),(618,'http://a-z-animals.com/animals/yak/','0'),(619,'http://a-z-animals.com/animals/yellow-eyed-penguin/','0'),(620,'http://a-z-animals.com/animals/yorkshire-terrier/','0'),(621,'http://a-z-animals.com/animals/pictures/Z/','0'),(622,'http://a-z-animals.com/animals/zebra/','0'),(623,'http://a-z-animals.com/animals/zebra-shark/','0'),(624,'http://a-z-animals.com/animals/zebu/','0'),(625,'http://a-z-animals.com/animals/zonkey/','0'),(626,'http://a-z-animals.com/animals/zorse/','0');
/*!40000 ALTER TABLE `tb_link` ENABLE KEYS */;
UNLOCK TABLES;
/*!50003 SET @saved_cs_client      = @@character_set_client */ ;
/*!50003 SET @saved_cs_results     = @@character_set_results */ ;
/*!50003 SET @saved_col_connection = @@collation_connection */ ;
/*!50003 SET character_set_client  = utf8 */ ;
/*!50003 SET character_set_results = utf8 */ ;
/*!50003 SET collation_connection  = utf8_general_ci */ ;
/*!50003 SET @saved_sql_mode       = @@sql_mode */ ;
/*!50003 SET sql_mode              = 'NO_AUTO_VALUE_ON_ZERO' */ ;
DELIMITER ;;
/*!50003 CREATE*/ /*!50017 DEFINER=`root`@`localhost`*/ /*!50003 TRIGGER `filter_link` BEFORE INSERT ON `tb_link` FOR EACH ROW BEGIN
     
	if (SELECT count(*) FROM tb_test WHERE info = NEW.info) != 0
	then
	INSERT INTO tb_test (info) VALUES (NEW.info);
	end if;
    END */;;
DELIMITER ;
/*!50003 SET sql_mode              = @saved_sql_mode */ ;
/*!50003 SET character_set_client  = @saved_cs_client */ ;
/*!50003 SET character_set_results = @saved_cs_results */ ;
/*!50003 SET collation_connection  = @saved_col_connection */ ;

--
-- Table structure for table `tb_login`
--

DROP TABLE IF EXISTS `tb_login`;
/*!40101 SET @saved_cs_client     = @@character_set_client */;
/*!40101 SET character_set_client = utf8 */;
CREATE TABLE `tb_login` (
  `id` int(11) NOT NULL AUTO_INCREMENT,
  `username` varchar(30) DEFAULT NULL,
  `password` varchar(30) DEFAULT NULL,
  PRIMARY KEY (`id`)
) ENGINE=InnoDB AUTO_INCREMENT=2 DEFAULT CHARSET=latin1;
/*!40101 SET character_set_client = @saved_cs_client */;

--
-- Dumping data for table `tb_login`
--

LOCK TABLES `tb_login` WRITE;
/*!40000 ALTER TABLE `tb_login` DISABLE KEYS */;
INSERT INTO `tb_login` VALUES (1,'arditya','1234');
/*!40000 ALTER TABLE `tb_login` ENABLE KEYS */;
UNLOCK TABLES;

--
-- Table structure for table `tb_order`
--

DROP TABLE IF EXISTS `tb_order`;
/*!40101 SET @saved_cs_client     = @@character_set_client */;
/*!40101 SET character_set_client = utf8 */;
CREATE TABLE `tb_order` (
  `id_order` int(11) NOT NULL AUTO_INCREMENT,
  `ordo` text,
  `id_class` int(11) DEFAULT NULL,
  PRIMARY KEY (`id_order`)
) ENGINE=InnoDB AUTO_INCREMENT=74 DEFAULT CHARSET=latin1;
/*!40101 SET character_set_client = @saved_cs_client */;

--
-- Dumping data for table `tb_order`
--

LOCK TABLES `tb_order` WRITE;
/*!40000 ALTER TABLE `tb_order` DISABLE KEYS */;
INSERT INTO `tb_order` VALUES (1,'Tubulidentata',1),(2,'Sphenisciformes',2),(3,'Proboscidea',3),(4,'Carnivora',4),(5,'Anura',5),(6,'Proboscidea',6),(7,'Carnivora',7),(8,'Sphenisciformes',8),(9,'Anura',9),(10,'Carnivora',10),(11,'Procellariiformes',11),(12,'Testudines',12),(13,'Crocodilia',13),(14,'Perciformes',14),(15,'Hymenoptera',15),(16,'Xenarthra',16),(17,'Artiodactyla',17),(18,'Carnivora',18),(19,'Lagomorpha',19),(20,'Carnivora',20),(21,'Cingulata',21),(22,'Proboscidea',22),(23,'Hymenoptera',23),(24,'Carnivora',24),(25,'Carnivora',25),(26,'Charadriiformes',26),(27,'Caudata',27),(28,'Primates',28),(29,'Primates',29),(30,'Artiodactyla',30),(31,'Carnivora',31),(32,'Carnivora',32),(33,'Peramelemorphia',33),(34,'Cypriniformes',34),(35,'Strigiformes',35),(36,'Maxillopoda',36),(37,'Perciformes',37),(38,'Lamniformes',38),(39,'Chiroptera',39),(40,'Carnivora',40),(41,'Squamata',41),(42,'Rodentia',42),(43,'Endopterygota',43),(44,'Carnivora',44),(45,'Carnivora',45),(46,'Passeriformes',47),(47,'Artiodactyla',48),(48,'Carnivora',49),(49,'Perissodactyla',50),(50,'Araneae',51),(51,'Cetacea',52),(52,'Carnivora',53),(53,'Artiodactyla',54),(54,'Primates',55),(55,'Pelecaniformes',56),(56,'Primates',57),(57,'Proboscidea',58),(58,'Cetacea',59),(59,'Carnivora',60),(60,'Psittaciformes',61),(61,'Artiodactyla',62),(62,'Carcharhiniformes',63),(63,'Anura',64),(64,'Hymenoptera',65),(65,'Anura',66),(66,'Lepidoptera',67),(67,'Perciformes',68),(68,'Crocodilia',69),(69,'Squamata',70),(70,'Artiodactyla',71),(71,'Rodentia',72),(72,'Carnivora',73),(73,'Casuariiformes',74);
/*!40000 ALTER TABLE `tb_order` ENABLE KEYS */;
UNLOCK TABLES;

--
-- Table structure for table `tb_phylum`
--

DROP TABLE IF EXISTS `tb_phylum`;
/*!40101 SET @saved_cs_client     = @@character_set_client */;
/*!40101 SET character_set_client = utf8 */;
CREATE TABLE `tb_phylum` (
  `id_phylum` int(11) NOT NULL AUTO_INCREMENT,
  `phylum` text,
  `id_kingdom` int(11) DEFAULT NULL,
  PRIMARY KEY (`id_phylum`)
) ENGINE=InnoDB AUTO_INCREMENT=75 DEFAULT CHARSET=latin1;
/*!40101 SET character_set_client = @saved_cs_client */;

--
-- Dumping data for table `tb_phylum`
--

LOCK TABLES `tb_phylum` WRITE;
/*!40000 ALTER TABLE `tb_phylum` DISABLE KEYS */;
INSERT INTO `tb_phylum` VALUES (1,'Chordata',1),(2,'Chordata',2),(3,'Chordata',3),(4,'Chordata',4),(5,'Chordata',5),(6,'Chordata',6),(7,'Chordata',7),(8,'Chordata',8),(9,'Chordata',9),(10,'Chordata',10),(11,'Chordata',11),(12,'Chordata',12),(13,'Chordata',13),(14,'Chordata',14),(15,'Arthropoda',15),(16,'Chordata',16),(17,'Chordata',17),(18,'Chordata',18),(19,'Chordata',19),(20,'Chordata',20),(21,'Chordata',21),(22,'Chordata',22),(23,'Arthropoda',23),(24,'Chordata',24),(25,'Chordata',25),(26,'Chordata',26),(27,'Chordata',27),(28,'Chordata',28),(29,'Chordata',29),(30,'Chordata',30),(31,'Chordata',31),(32,'Chordata',32),(33,'Chordata',33),(34,'Chordata',34),(35,'Chordata',35),(36,'Arthropoda',36),(37,'Chordata',37),(38,'Chordata',38),(39,'Chordata',39),(40,'Chordata',40),(41,'Chordata',41),(42,'Chordata',42),(43,'Arthropoda',43),(44,'Chordata',44),(45,'Chordata',45),(46,'Chordata',46),(47,'Chordata',47),(48,'Chordata',48),(49,'Chordata',49),(50,'Chordata',50),(51,'Arthropoda',51),(52,'Chordata',52),(53,'Chordata',53),(54,'Chordata',54),(55,'Chordata',55),(56,'Chordata',56),(57,'Chordata',57),(58,'Chordata',58),(59,'Chordata',59),(60,'Chordata',60),(61,'Chordata',61),(62,'Chordata',62),(63,'Chordata',63),(64,'Chordata',64),(65,'Arthropoda',65),(66,'Chordata',66),(67,'Arthropoda',67),(68,'Chordata',68),(69,'Chordata',69),(70,'Chordata',70),(71,'Chordata',71),(72,'Chordata',72),(73,'Chordata',73),(74,'Chordata',74);
/*!40000 ALTER TABLE `tb_phylum` ENABLE KEYS */;
UNLOCK TABLES;

--
-- Table structure for table `tb_species`
--

DROP TABLE IF EXISTS `tb_species`;
/*!40101 SET @saved_cs_client     = @@character_set_client */;
/*!40101 SET character_set_client = utf8 */;
CREATE TABLE `tb_species` (
  `id_species` int(11) NOT NULL AUTO_INCREMENT,
  `species` text,
  `id_genus` int(11) DEFAULT NULL,
  PRIMARY KEY (`id_species`)
) ENGINE=InnoDB AUTO_INCREMENT=74 DEFAULT CHARSET=latin1;
/*!40101 SET character_set_client = @saved_cs_client */;

--
-- Dumping data for table `tb_species`
--

LOCK TABLES `tb_species` WRITE;
/*!40000 ALTER TABLE `tb_species` DISABLE KEYS */;
INSERT INTO `tb_species` VALUES (1,'Orycteropus afer',1),(2,'Pygoscelis adeliae',2),(3,'Loxodonta africana africana',3),(4,'Civettictis civetta',4),(5,'Xenopus laevis',5),(6,'Loxodonta cyclotis',6),(7,'Nandinia binotata',7),(8,'Spheniscus demersus',8),(9,'Nectophryne afra',9),(10,'Lycaon pictus',10),(11,'Diomedeidae',11),(12,'Geochelone gigantea',11),(13,'Alligator mississippiensis',12),(14,'Pomacanthidae',14),(15,'Formicidae',15),(16,'Myrmecophaga Tridactyla',13),(17,'Alcelaphinae',14),(18,'Alopex Lagopus',15),(19,'Lepus Arcticus',16),(20,'Canus Lupus Arcticus',17),(21,'Dasypodidae',18),(22,'Elephas Maximus',19),(23,'Vespa mandarinia',20),(24,'Paradoxurus Hermaphroditus',21),(25,'Ursus tibetanus',22),(26,'Recurvirostra',23),(27,'Ambystoma Mexicanum',24),(28,'Daubentonia madagascariensis',25),(29,'Papio',26),(30,'Camelus Bactrianus',27),(31,'Taxidea Taxus',28),(32,'Hemigalus Derbyanus',29),(33,'Perameles',30),(34,'Barbus Barbus',31),(35,'Tyto Alba',32),(36,'Cirripedia',33),(37,'Sphyraena',34),(38,'Cetorhinus Maximus',35),(39,'Chiroptera',36),(40,'Ursidae',37),(41,'Pogona Vitticeps',38),(42,'Castor Canadensis',39),(43,'Coleoptera',43),(44,'Panthera Tigris Tigris',40),(45,'Arctictis binturong',41),(46,'Paradisaeidae',46),(47,'Bison Bison',42),(48,'Ursus americanus',43),(49,'Diceros Bicornis',44),(50,'Latrodectus',45),(51,'Balsenoptera musculus',46),(52,'Lynx rufus',47),(53,'Tragelaphus eurycerus',48),(54,'Pan Paniscus',49),(55,'Sula Nebouxii',50),(56,'Pongo pygmaeus',51),(57,'Elephas Maximus Borneensis',52),(58,'Tursiops Truncatus',53),(59,'Ursus Arctos',54),(60,'Melopsittacus Undulatus',55),(61,'Syncerus Caffer',56),(62,'Carcharhinus Leucas',57),(63,'Rana Catesbeiana',58),(64,'Bombus',59),(65,'Heleioporus',60),(66,'Papilionoidea',66),(67,'Chaetodontidae',66),(68,'Caimaninae',61),(69,'Dracaena Guianensis',62),(70,'Camelus dromedarius',63),(71,'Hydrochoerus hydrochaeris',64),(72,'Caracal Caracal',65),(73,'Casuarius',66);
/*!40000 ALTER TABLE `tb_species` ENABLE KEYS */;
UNLOCK TABLES;

--
-- Table structure for table `tb_web`
--

DROP TABLE IF EXISTS `tb_web`;
/*!40101 SET @saved_cs_client     = @@character_set_client */;
/*!40101 SET character_set_client = utf8 */;
CREATE TABLE `tb_web` (
  `id` int(11) NOT NULL AUTO_INCREMENT,
  `nama` text,
  `link` text,
  `label` char(2) DEFAULT '0',
  PRIMARY KEY (`id`)
) ENGINE=InnoDB AUTO_INCREMENT=2 DEFAULT CHARSET=latin1;
/*!40101 SET character_set_client = @saved_cs_client */;

--
-- Dumping data for table `tb_web`
--

LOCK TABLES `tb_web` WRITE;
/*!40000 ALTER TABLE `tb_web` DISABLE KEYS */;
INSERT INTO `tb_web` VALUES (1,'a-z-animals.com','http://a-z-animals.com','1');
/*!40000 ALTER TABLE `tb_web` ENABLE KEYS */;
UNLOCK TABLES;

--
-- Table structure for table `tmp`
--

DROP TABLE IF EXISTS `tmp`;
/*!40101 SET @saved_cs_client     = @@character_set_client */;
/*!40101 SET character_set_client = utf8 */;
CREATE TABLE `tmp` (
  `id` int(11) NOT NULL AUTO_INCREMENT,
  `th` text,
  `td` text,
  PRIMARY KEY (`id`)
) ENGINE=InnoDB AUTO_INCREMENT=2084 DEFAULT CHARSET=latin1;
/*!40101 SET character_set_client = @saved_cs_client */;

--
-- Dumping data for table `tmp`
--

LOCK TABLES `tmp` WRITE;
/*!40000 ALTER TABLE `tmp` DISABLE KEYS */;
INSERT INTO `tmp` VALUES (1,'Kingdom','Animalia'),(2,'Phylum','Chordata'),(3,'Class','Mammalia'),(4,'Order','Tubulidentata'),(5,'Family','Orycteropodidae'),(6,'Genus','Orycteropus'),(7,'Scientific Name','Orycteropus afer'),(8,'Common Name','Aardvark'),(9,'Group','Mammal'),(10,'Habitat','Sandy and clay soil'),(11,'Colour','Brown, grey, yellow'),(12,'Skin Type','Hair'),(13,'Size (L)','1.05m - 2.20m (3.4ft - 7.3ft)'),(14,'Weight','60kg - 80kg (130lbs - 180lbs)'),(15,'Top Speed','40kph (25mph)'),(16,'Diet','Omnivore'),(17,'Prey','Termites, Ants'),(18,'Predators','Lions, Leopards, Hyenas'),(19,'Lifestyle','Nocturnal'),(20,'Life Span','23 years'),(21,'Average Litter Size','1'),(22,'Conservation Status','Least Concern'),(23,'Name','Abyssinian'),(24,'Origin','Egypt'),(25,'Group','Cat'),(26,'Average Size (L)','60cm (2ft)'),(27,'Average Weight','4.5kg (10lbs)'),(28,'Average Life Span','15 years'),(29,'Average Litter Size','6'),(30,'Type','Shorthair'),(31,'Colour','Fawn, Red, Blue, Grey'),(32,'Temperament','Intelligent and curious'),(33,'Training','Easy'),(34,'Distinctive Features','Silky fur and almond shaped eyes'),(35,'Kingdom','Animalia'),(36,'Phylum','Chordata'),(37,'Class','Aves'),(38,'Order','Sphenisciformes'),(39,'Family','Spheniscidae'),(40,'Genus','Pygoscelis'),(41,'Scientific Name','Pygoscelis adeliae'),(42,'Common Name','Adelie Penguin'),(43,'Group','Bird'),(44,'Habitat','Antarctic land and ocean'),(45,'Colour','Black with white chest'),(46,'Skin Type','Feathers'),(47,'Size (H)','40cm - 75cm (16in - 30in)'),(48,'Weight','3kg - 6kg (7lbs - 13lbs)'),(49,'Top Speed','72kph (45mph)'),(50,'Diet','Carnivore'),(51,'Prey','Krill, Fish, Squid'),(52,'Predators','Leopard Seal, Skua Gull, Killer Whale'),(53,'Lifestyle','Diurnal'),(54,'Life Span','10 - 20 years'),(55,'Average Clutch Size','2'),(56,'Conservation Status','Least Concern'),(57,'Name','Affenpinscher'),(58,'Origin','Germany'),(59,'Group','Dog'),(60,'Average Size (H)','25cm (10in)'),(61,'Average Weight','3.6kg (8lbs)'),(62,'Average Life Span','12 years'),(63,'Average Litter Size','3'),(64,'Type','Terrier'),(65,'Colour','Black, Grey'),(66,'Temperament','Alert and inquisitive'),(67,'Training','Medium'),(68,'Distinctive Features','Dark wiry-haired body and dark eyes'),(69,'Name','Afghan Hound '),(70,'Origin','Afghanistan'),(71,'Group','Dog'),(72,'Average Size (H)','68cm (27in)'),(73,'Average Weight','27kg (60lbs)'),(74,'Average Life Span','14 years'),(75,'Average Litter Size','7'),(76,'Type','Hound'),(77,'Colour','Black, White, Brown, Gold'),(78,'Temperament','Alert yet reserved and lively'),(79,'Training','Moderately Easy'),(80,'Distinctive Features','Long fur and pointed muzzle'),(81,'Kingdom','Animalia'),(82,'Phylum','Chordata'),(83,'Class','Mammalia'),(84,'Order','Proboscidea'),(85,'Family','Elephantidae'),(86,'Genus','Loxodonta'),(87,'Scientific Name','Loxodonta africana africana'),(88,'Common Name','African Bush Elephant'),(89,'Group','Mammal'),(90,'Habitat','Forest, savannah and flood plains'),(91,'Colour','Grey, Brown'),(92,'Skin Type','Leather'),(93,'Size (H)','3m - 3.5m (10ft - 12ft)'),(94,'Weight','3,600kg - 5,400kg (7,900lbs - 12,000lbs)'),(95,'Top Speed','40kph (25mph)'),(96,'Diet','Herbivore'),(97,'Prey','Grass, Fruit, Roots'),(98,'Predators','Human, Lion, Hyena'),(99,'Lifestyle','Diurnal'),(100,'Life Span','60 - 70 years'),(101,'Average Litter Size','1'),(102,'Conservation Status','Threatened'),(103,'Kingdom','Animalia'),(104,'Phylum','Chordata'),(105,'Class','Mammalia'),(106,'Order','Carnivora'),(107,'Family','Viverridae'),(108,'Genus','Civettictis'),(109,'Scientific Name','Civettictis civetta'),(110,'Common Name','African Civet'),(111,'Group','Mammal'),(112,'Habitat','Tropical rainforest'),(113,'Colour','Black, White, Grey, Yellow, Brown, Tan'),(114,'Skin Type','Fur'),(115,'Size (H)','43cm - 71cm (17in - 28in)'),(116,'Weight','1.4kg - 4.5kg (3lbs - 10lbs)'),(117,'Diet','Omnivore'),(118,'Prey','Rodents, Snakes, Frogs'),(119,'Predators','Lions, Snakes, Leopards'),(120,'Lifestyle','Nocturnal'),(121,'Life Span','15 - 20 years'),(122,'Average Litter Size','3'),(123,'Conservation Status','Least Concern'),(124,'Kingdom','Animalia'),(125,'Phylum','Chordata'),(126,'Class','Amphibia'),(127,'Order','Anura'),(128,'Family','Pipidae'),(129,'Genus','Xenopus'),(130,'Scientific Name','Xenopus laevis'),(131,'Common Name','African Clawed Frog'),(132,'Group','Amphibian'),(133,'Habitat','Warm stagnant water with grassland'),(134,'Colour','Brown, Grey, Albino'),(135,'Skin Type','Permeable Scales'),(136,'Size (L)','2.5cm - 12cm (1in - 5in)'),(137,'Weight','25g - 220g (1oz - 8oz)'),(138,'Top Speed','8km/h (5mph)'),(139,'Diet','Carnivore'),(140,'Prey','Small Fish, Insects, Spiders'),(141,'Predators','Snakes, Birds, Small Mammals'),(142,'Lifestyle','Nocturnal'),(143,'Water Type','Fresh'),(144,'Life Span','8 - 15 years'),(145,'Conservation Status','Least Concern'),(146,'Kingdom','Animalia'),(147,'Phylum','Chordata'),(148,'Class','Mammalia'),(149,'Order','Proboscidea'),(150,'Family','Elephantidae'),(151,'Genus','Loxodonta'),(152,'Scientific Name','Loxodonta cyclotis'),(153,'Common Name','African Forest Elephant'),(154,'Group','Mammal'),(155,'Habitat','Forest, savannah and flood plains'),(156,'Colour','Grey, Brown'),(157,'Skin Type','Leather'),(158,'Size (H)','2m - 3m (6.6ft - 9.8ft)'),(159,'Weight','900kg - 3,000kg (1,984lbs - 6,613lbs)'),(160,'Top Speed','39km/h (24mph)'),(161,'Diet','Herbivore'),(162,'Prey','Grass, Fruit, Roots'),(163,'Predators','Human, Lion, Hyena'),(164,'Lifestyle','Diurnal'),(165,'Life Span','60 - 70 years'),(166,'Average Litter Size','1'),(167,'Conservation Status','Endangered'),(168,'Kingdom','Animalia'),(169,'Phylum','Chordata'),(170,'Class','Mammalia'),(171,'Order','Carnivora'),(172,'Family','Nandiniidae'),(173,'Genus','Nandinia'),(174,'Scientific Name','Nandinia binotata'),(175,'Common Name','African Palm Civet'),(176,'Group','Mammal'),(177,'Habitat','Tropical rainforest'),(178,'Colour','Black, White, Grey, Yellow, Brown, Tan'),(179,'Skin Type','Fur'),(180,'Size (H)','43cm - 71cm (17in - 28in)'),(181,'Weight','1.4kg - 4.5kg (3lbs - 10lbs)'),(182,'Diet','Omnivore'),(183,'Prey','Rodents, Snakes, Frogs'),(184,'Predators','Lions, Snakes, Leopards'),(185,'Lifestyle','Crepuscular'),(186,'Life Span','15 - 20 years'),(187,'Average Litter Size','2'),(188,'Conservation Status','Least Concern'),(189,'Kingdom','Animalia'),(190,'Phylum','Chordata'),(191,'Class','Aves'),(192,'Order','Sphenisciformes'),(193,'Family','Spheniscidae'),(194,'Genus','Spheniscus'),(195,'Scientific Name','Spheniscus demersus'),(196,'Common Name','African Penguin'),(197,'Group','Bird'),(198,'Habitat','Rocky Ocean Islands'),(199,'Colour','Black, White, Grey'),(200,'Skin Type','Feathers'),(201,'Size (H)','60cm - 68cm (24in - 27in)'),(202,'Weight','2kg - 5kg (4.4lbs - 11lbs)'),(203,'Top Speed','20kph (12.4mph)'),(204,'Diet','Carnivore'),(205,'Prey','Fish, Squid, Crustaceans'),(206,'Predators','Sharks, Fur Seals, Gulls'),(207,'Lifestyle','Diurnal'),(208,'Water Type','Salt'),(209,'Life Span','10 - 15 years'),(210,'Average Clutch Size','2'),(211,'Conservation Status','Endangered'),(212,'Kingdom','Animalia'),(213,'Phylum','Chordata'),(214,'Class','Amphibia'),(215,'Order','Anura'),(216,'Family','Bufonidae'),(217,'Genus','Nectophryne'),(218,'Scientific Name','Nectophryne afra'),(219,'Type','Amphibian'),(220,'Diet','Carnivore'),(221,'Size (L)','2.5cm - 3.8cm (1in - 1.5in)'),(222,'Weight','2g - 5g (0.07oz - 0.18oz)'),(223,'Top Speed','8km/h (5mph)'),(224,'Life Span','3 - 5 years'),(225,'Lifestyle','Solitary'),(226,'Conservation Status','Least Concern'),(227,'Colour','Brown, Black, White, Tan'),(228,'Skin Type','Permeable'),(229,'Habitat','Tropical lowland forest'),(230,'Prey','Insects, Worms, Snails'),(231,'Predators','Fish, Toads, Birds'),(232,'Distinctive Features','Small body size and webbed feet'),(233,'Kingdom','Animalia'),(234,'Phylum','Chordata'),(235,'Class','Mammalia'),(236,'Order','Carnivora'),(237,'Family','Canidae'),(238,'Genus','Lycaon'),(239,'Scientific Name','Lycaon pictus'),(240,'Common Name','African Wild Dog'),(241,'Group','Mammal'),(242,'Habitat','Open plains and savanna'),(243,'Colour','Grey, Black, White, Brown, Tan, Gold, Red'),(244,'Skin Type','Fur'),(245,'Size (L)','75cm - 110cm (29in - 43in)'),(246,'Weight','17kg - 36kg (39lbs - 79lbs)'),(247,'Top Speed','72kph (45mph)'),(248,'Diet','Carnivore'),(249,'Prey','Antelope, Warthog, Rodents'),(250,'Predators','Lions, Hyenas, Humans'),(251,'Lifestyle','Crepuscular'),(252,'Life Span','10 - 13 years'),(253,'Average Litter Size','8'),(254,'Conservation Status','Endangered'),(255,'Name','Ainu Dog'),(256,'Origin','Japan'),(257,'Group','Dog'),(258,'Average Size (H)','50cm (20in)'),(259,'Average Weight','30kg (65lbs)'),(260,'Average Life Span','12 years'),(261,'Average Litter Size','7'),(262,'Type','Working'),(263,'Colour','Grey, Tan, Brown, White'),(264,'Temperament','Fearless, determined and loyal'),(265,'Training','Hard'),(266,'Distinctive Features','Sharply pointed ears and upturned tail'),(267,'Name','Airedale Terrier'),(268,'Origin','Great Britain'),(269,'Group','Dog'),(270,'Average Size (H)','58cm (23in)'),(271,'Average Weight','20kg (44lbs)'),(272,'Average Life Span','12 years'),(273,'Average Litter Size','8'),(274,'Type','Terrier'),(275,'Colour','Black, Tan, Brown'),(276,'Temperament','Friendly, adaptable and courageous'),(277,'Training','Fairly Easy'),(278,'Distinctive Features','Long muzzle and square body'),(279,'Name','Akbash'),(280,'Origin','Turkey'),(281,'Group','Dog'),(282,'Average Size (H)','86cm (34in)'),(283,'Average Weight','63kg (140lbs)'),(284,'Average Life Span','11 years'),(285,'Average Litter Size','8'),(286,'Type','Guard'),(287,'Colour','White, Brown'),(288,'Temperament','Calm, independent, brave and protective'),(289,'Training','Hard'),(290,'Distinctive Features','Big head and powerful jaws'),(291,'Name','Akita'),(292,'Origin','Japan'),(293,'Group','Dog'),(294,'Average Size (L)','71cm (28in)'),(295,'Average Weight','50kg (110lbs)'),(296,'Average Life Span','10 years'),(297,'Average Litter Size','7'),(298,'Type','Working'),(299,'Colour','Brown, White, Black, Grey'),(300,'Temperament','Intelligent, courageous and fearless'),(301,'Training','Medium - Hard'),(302,'Distinctive Features','Pointed ears and upward curving tail'),(303,'Name','Alaskan Malamute'),(304,'Origin','North America'),(305,'Group','Dog'),(306,'Average Size (H)','63cm (25in)'),(307,'Average Weight','38kg (85lbs)'),(308,'Average Life Span','14 years'),(309,'Average Litter Size','6'),(310,'Type','Working'),(311,'Colour','White, Black, Grey'),(312,'Temperament','Affectionate, friendly and loyal'),(313,'Training','Medium'),(314,'Distinctive Features','Pointed face and upturned tail'),(315,'Kingdom','Animalia'),(316,'Phylum','Chordata'),(317,'Class','Aves'),(318,'Order','Procellariiformes'),(319,'Family','Diomedeidae'),(320,'Scientific Name','Diomedeidae'),(321,'Common Name','Albatross'),(322,'Group','Bird'),(323,'Habitat','southern waters and islands'),(324,'Colour','Black, White, Brown, Red, Yellow'),(325,'Skin Type','Feathers'),(326,'Size (L)','0.9m - 1.3m (35in - 51in)'),(327,'Wing Span','2m - 3.4m (78in - 134in)'),(328,'Weight','8kg - 10kg (17lbs - 22lbs)'),(329,'Top Speed','64kph (40mph)'),(330,'Diet','Carnivore'),(331,'Predators','Humans, Tiger Sharks'),(332,'Lifestyle','Diurnal'),(333,'Water Type','Salt'),(334,'Life Span','12 - 40 years'),(335,'Average Clutch Size','1'),(336,'Conservation Status','Endangered'),(337,'Kingdom','Animalia'),(338,'Phylum','Chordata'),(339,'Class','Reptilia'),(340,'Order','Testudines'),(341,'Family','Testudinidae'),(342,'Genus','Geochelone'),(343,'Scientific Name','Geochelone gigantea'),(344,'Common Name','Aldabra Giant Tortoise'),(345,'Group','Reptile'),(346,'Habitat','Grasslands and swamps'),(347,'Colour','Black, Brown, Tan'),(348,'Skin Type','Scales'),(349,'Size (L)','90cm - 120cm (3ft - 4ft)'),(350,'Weight','150kg - 250kg (330lbs - 550lbs)'),(351,'Top Speed','0.5kph (0.3mph)'),(352,'Diet','Herbivore'),(353,'Prey','Grasses, Leaves, Flowers'),(354,'Predators','Giant Crab, Humans, Cats'),(355,'Lifestyle','Diurnal'),(356,'Life Span','80 - 255 years'),(357,'Average Clutch Size','15'),(358,'Conservation Status','Vulnerable'),(359,'Kingdom','Animalia'),(360,'Phylum','Chordata'),(361,'Class','Reptilia'),(362,'Order','Crocodilia'),(363,'Family','Alligatoridae'),(364,'Genus','Alligator'),(365,'Scientific Name','Alligator mississippiensis'),(366,'Common Name','Alligator'),(367,'Group','Reptile'),(368,'Habitat','Marsh and swampland'),(369,'Colour','Green, Grey, Black, Brown, Yellow'),(370,'Skin Type','Scales'),(371,'Size (L)','2.5cm - 4.5m (8ft - 15ft)'),(372,'Weight','181kg - 363kg (400lbs - 800lbs)'),(373,'Top Speed','24kph (15mph)'),(374,'Diet','Carnivore'),(375,'Prey','Fish, Snakes, Turtles'),(376,'Predators','Human, Birds, Raccoon'),(377,'Lifestyle','Diurnal/Nocturnal'),(378,'Water Type','Fresh, Brackish'),(379,'Life Span','30 - 60 years'),(380,'Average Clutch Size','35'),(381,'Conservation Status','Least Concern'),(382,'Name','Alpine Dachsbracke'),(383,'Origin','Austria'),(384,'Group','Dog'),(385,'Average Size (H)','35cm (14in)'),(386,'Average Weight','18kg (40lbs)'),(387,'Average Life Span','12 years'),(388,'Average Litter Size','8'),(389,'Type','Scent Hound'),(390,'Colour','Red, Black, Brown'),(391,'Temperament','Fearless, friendly and intelligent'),(392,'Training','Easy'),(393,'Distinctive Features','Elongated body and short, stocky legs'),(394,'Name','American Bulldog'),(395,'Origin','North America'),(396,'Group','Dog'),(397,'Average Size (H)','63cm (25in)'),(398,'Average Weight','47kg (105lbs)'),(399,'Average Life Span','14 years'),(400,'Average Litter Size','8'),(401,'Type','Mastiff'),(402,'Colour','White, Black, Red, Brown, Tan, Brindle'),(403,'Temperament','Assertive but loyal and friendly'),(404,'Training','Hard'),(405,'Distinctive Features','Small pendant shaped ears and strong body'),(406,'Name','American Cocker Spaniel'),(407,'Origin','North America'),(408,'Group','Dog'),(409,'Average Size','38cm (15in)'),(410,'Average Weight','12.7kg (28lbs)'),(411,'Average Life Span','15 years'),(412,'Average Litter Size','4'),(413,'Type','Gun Dog'),(414,'Colour','White, Black, Brown, Tan, Grey, Red, Fawn'),(415,'Temperament','Friendly, happy and enthusiastic'),(416,'Training','Easy'),(417,'Distinctive Features','Long, dropped ears and feathered feet'),(418,'Name','American Coonhound'),(419,'Origin','North America'),(420,'Group','Dog'),(421,'Average Size (H)','70cm (28in)'),(422,'Average Weight','32kg (70lbs)'),(423,'Average Life Span','12 years'),(424,'Average Litter Size','7'),(425,'Type','Working '),(426,'Colour','Black, Tan, Brown, White'),(427,'Temperament','Easy going but loyal and dedicated'),(428,'Training','Medium'),(429,'Distinctive Features','Long ears and strong, muscular legs'),(430,'Name','American Eskimo Dog'),(431,'Origin','Germany'),(432,'Group','Dog'),(433,'Average Size (H)','Average Size'),(434,'Average Weight','9kg (20lbs)'),(435,'Average Life Span','15'),(436,'Average Litter Size','5'),(437,'Type','Working'),(438,'Colour','White'),(439,'Temperament','Intelligent, alert and friendly'),(440,'Training','Fairly easy'),(441,'Distinctive Features','Bright, white coat and pointed ears'),(442,'Name','American Foxhound'),(443,'Origin','North America'),(444,'Group','Dog'),(445,'Average Size (H)','63cm (25in)'),(446,'Average Weight','29kg (65lbs)'),(447,'Average Life Span','11 years'),(448,'Average Litter Size','7'),(449,'Type','Hound'),(450,'Colour','Black, White, Tan'),(451,'Temperament','Sweet, kind and loyal '),(452,'Training','Medium'),(453,'Distinctive Features','Long legs and wide, flat ears'),(454,'Name','American Pit Bull Terrier'),(455,'Origin','North America'),(456,'Group','Dog'),(457,'Average Size (L)','55cm (22in)'),(458,'Average Weight','36kg (80lbs)'),(459,'Average Life Span','12 years'),(460,'Average Litter Size','8'),(461,'Type','Mastiff'),(462,'Colour','Black, White, Tan, Brown'),(463,'Temperament','Stubborn yet obedient'),(464,'Training','Hard'),(465,'Distinctive Features','Small and sharply pointed ears'),(466,'Name','American Staffordshire Terrier'),(467,'Origin','North America'),(468,'Average Size','48cm (19in)'),(469,'Average Weight','22kg (50lbs)'),(470,'Average Life Span','12 years'),(471,'Group','Mastiff'),(472,'Colour','Black, White, Tan, Brown'),(473,'Average Litter Size','6'),(474,'Temperament','Dominant and stubborn yet loyal'),(475,'Training','Should be trained from a very early age using assertive techniques and should be intensively socialised with other dogs'),(476,'Name','American Water Spaniel'),(477,'Origin','North America'),(478,'Average Size','42cm (18in)'),(479,'Average Weight','20kg (45lbs)'),(480,'Average Life Span','12 years'),(481,'Group','Gun Dog'),(482,'Colour','Black, Dark Brown, Brown'),(483,'Average Litter Size','5'),(484,'Temperament','Intelligent, quiet and calm'),(485,'Training','Should be trained from an early age using short, ongoing sessions as assertive training methods tend to be ineffective'),(486,'Name','Anatolian Shepherd Dog'),(487,'Origin','North America'),(488,'Average Size','76cm (30in)'),(489,'Average Weight','68kg (150lbs)'),(490,'Average Life Span','13 years'),(491,'Group','Guard'),(492,'Colour','Red, Brown, White, Cream'),(493,'Average Litter Size','9'),(494,'Temperament','Courageous, powerful and sturdy'),(495,'Training','Should be trained from an early age and respond best to motivational training as they can be dominant and stubborn'),(496,'Kingdom','Animalia'),(497,'Phylum','Chordata'),(498,'Class','Actinopterygii'),(499,'Order','Perciformes'),(500,'Family','Pomacanthidae'),(501,'Common Name','Angelfish'),(502,'Scientific Name','Pomacanthidae'),(503,'Origin','Southern Hemisphere'),(504,'Diet','Omnivore'),(505,'Size (L)','7cm - 30cm (3in - 12in)'),(506,'Water Type','Fresh, Salt'),(507,'Optimum pH Level','6.5 - 7.2'),(508,'Life Span','8 - 15 years'),(509,'Conservation Status','Threatened'),(510,'Colour','Black, White, Yellow, Orange, Purple, Silver, Blue, Green'),(511,'Skin Type','Scales'),(512,'Habitat','Rivers and coral reefs'),(513,'Average Clutch Size','500'),(514,'Predators','Fish, Birds, Sharks, Mammals'),(515,'Distinctive Features','Body shape and brightly coloured markings'),(516,'Kingdom','Animalia'),(517,'Phylum','Arthropoda'),(518,'Class','Insecta'),(519,'Order','Hymenoptera'),(520,'Family','Formicidae'),(521,'Common Name','Ant'),(522,'Scientific Name','Formicidae'),(523,'Diet','Omnivore'),(524,'Size (L)','2mm - 25mm (0.08in - 1in)'),(525,'Number of Species','12,000'),(526,'Conservation Status','Least Concern'),(527,'Colour','Brown, Black, Red'),(528,'Skin Type','Shell'),(529,'Habitat','Soil and cavities in wood and plants'),(530,'Average Litter Size','1,000'),(531,'Predators','Insects, Echidna, Anteater'),(532,'Kingdom','Animalia'),(533,'Phylum','Chordata'),(534,'Class','Mammalia'),(535,'Order','Xenarthra'),(536,'Family','Myrmecophagidae'),(537,'Genus','Tamandua'),(538,'Scientific Name','Myrmecophaga Tridactyla'),(539,'Type','Mammal'),(540,'Diet','Omnivore'),(541,'Size (L)','0.9m - 2.1m (3ft - 7ft)'),(542,'Weight','18kg - 40kg (40lbs - 88lbs)'),(543,'Top Speed','30km/h (18mph)'),(544,'Life Span','9 - 20 years'),(545,'Lifestyle','Solitary'),(546,'Conservation Status','Threatened'),(547,'Colour','Brown, Grey, Black, Tan'),(548,'Skin Type','Fur'),(549,'Habitat','Forest and grasslands'),(550,'Average Litter Size','1'),(551,'Predators','Puma, Snakes, Jaguar'),(552,'Distinctive Features','Elongated snout and long sticky tongue'),(553,'Kingdom','Animalia'),(554,'Phylum','Chordata'),(555,'Class','Mammalia'),(556,'Order','Artiodactyla'),(557,'Family','Bovidae'),(558,'Genus','Antilopinae '),(559,'Scientific Name','Alcelaphinae'),(560,'Type','Mammal'),(561,'Diet','Herbivore'),(562,'Size (H)','1m - 1.5m (3 - 5ft)'),(563,'Weight','500kg - 900kg (1,100lbs - 2,000lbs)'),(564,'Top Speed','70km/h (43mph)'),(565,'Life Span','10 - 25 years'),(566,'Lifestyle','Herd'),(567,'Conservation Status','Least Concern'),(568,'Colour','Brown, Red, Tan'),(569,'Skin Type','Fur'),(570,'Habitat','Forest and grasslands'),(571,'Average Litter Size','1'),(572,'Predators','Lion, Cheetah, Crocodile'),(573,'Distinctive Features','Long legs and curved antlers'),(574,'Name','Appenzeller Dog'),(575,'Origin','Switzerland'),(576,'Average Size','58cm (23in)'),(577,'Average Weight','25kg (55lbs)'),(578,'Average Life Span','12 years'),(579,'Group','Sennenhund'),(580,'Colour','Black, Tan, White'),(581,'Average Litter Size','6'),(582,'Temperament','Active, calm, friendly and protective of their family'),(583,'Training','Should be trained from an early age and respond best to firm and consistent training'),(584,'Kingdom','Animalia'),(585,'Phylum','Chordata'),(586,'Class','Mammalia'),(587,'Order','Carnivora'),(588,'Family','Canidae'),(589,'Genus','Alopex'),(590,'Scientific Name','Alopex Lagopus'),(591,'Type','Mammal'),(592,'Diet','Carnivore'),(593,'Size (L)','70cm - 110cm (28in - 43in)'),(594,'Weight','1.4kg - 9.4kg (3lbs - 21lbs)'),(595,'Top Speed','45km/h (30mph)'),(596,'Life Span','7 - 10 years'),(597,'Lifestyle','Solitary'),(598,'Conservation Status','Least Concern'),(599,'Colour','White, Black, Grey'),(600,'Skin Type','Fur'),(601,'Habitat','Polar forest regions'),(602,'Average Litter Size','5'),(603,'Predators','Snowy Owl, Wolf, Polar Bear'),(604,'Distinctive Features','Thick fur that changes colour with season'),(605,'Kingdom','Animalia'),(606,'Phylum','Chordata'),(607,'Class','Mammalia'),(608,'Order','Lagomorpha'),(609,'Family','Leporidae'),(610,'Genus','Lepus '),(611,'Scientific Name','Lepus Arcticus'),(612,'Type','Mammal'),(613,'Diet','Herbivore'),(614,'Size (L)','48cm - 67cm (19in - 26in)'),(615,'Weight','4kg - 5kg (9lbs - 12lbs)'),(616,'Top Speed','64km/h (40mph)'),(617,'Life Span','3 - 8 years'),(618,'Lifestyle','Herd'),(619,'Conservation Status','Least Concern'),(620,'Colour','White, Grey'),(621,'Skin Type','Fur'),(622,'Habitat','Tundra and rocky areas'),(623,'Average Litter Size','6'),(624,'Predators','Snowy Owl, Fox, Wolf'),(625,'Distinctive Features','Thick fur that changes colour with seasons'),(626,'Kingdom','Animalia'),(627,'Phylum','Chordata'),(628,'Class','Mammalia'),(629,'Order','Carnivora'),(630,'Family','Canidae'),(631,'Genus','Canis'),(632,'Scientific Name','Canus Lupus Arcticus'),(633,'Type','Mammal'),(634,'Diet','Carnivore'),(635,'Size (L)','60cm - 91cm (24in - 36in)'),(636,'Weight','25kg - 40kg (55lbs - 88lbs)'),(637,'Top Speed','75km/h (46mph)'),(638,'Life Span','7 - 10 years'),(639,'Lifestyle','Pack'),(640,'Conservation Status','Least Concern'),(641,'Colour','White, Grey'),(642,'Skin Type','Fur'),(643,'Habitat','Grass plains and tundra forests'),(644,'Average Litter Size','4'),(645,'Predators','Human'),(646,'Kingdom','Animalia'),(647,'Phylum','Chordata'),(648,'Class','Mammalia'),(649,'Order','Cingulata'),(650,'Family','Dasypodidae'),(651,'Genus','Dasypus'),(652,'Scientific Name','Dasypodidae'),(653,'Type','Mammal'),(654,'Diet','Omnivore'),(655,'Size (L)','36cm - 75cm (14in - 30in)'),(656,'Weight','4kg - 30kg (9lbs - 66lbs)'),(657,'Top Speed','48km/h (30mph)'),(658,'Life Span','4 - 12 years'),(659,'Lifestyle','Solitary'),(660,'Conservation Status','Endangered'),(661,'Colour','Pink, Grey, Black'),(662,'Skin Type','Boney Plates'),(663,'Habitat','Forest and grasslands'),(664,'Average Litter Size','4'),(665,'Predators','Bear, Wolf, Coyote'),(666,'Distinctive Features','Armoured plated skin and can curl into a ball'),(667,'Kingdom','Animalia'),(668,'Phylum','Chordata'),(669,'Class','Mammalia'),(670,'Order','Proboscidea'),(671,'Family','Elephantidae'),(672,'Genus','Elephas'),(673,'Scientific Name','Elephas Maximus'),(674,'Type','Mammal'),(675,'Diet','Herbivore'),(676,'Size (H)','2m - 3m (7ft - 10ft)'),(677,'Weight','3,000kg - 5,000kg (6,500lbs - 11,000lbs)'),(678,'Top Speed','43km/h (27mph)'),(679,'Life Span','55 - 70 years'),(680,'Lifestyle','Herd'),(681,'Conservation Status','Endangered'),(682,'Colour','Grey, Brown, Black'),(683,'Skin Type','Leather'),(684,'Habitat','Rainforest and tropical woodland'),(685,'Average Litter Size','1'),(686,'Predators','Human, Tiger'),(687,'Distinctive Features','Long trunk and large feet'),(688,'Kingdom','Animalia'),(689,'Phylum','Arthropoda'),(690,'Class','Insecta'),(691,'Order','Hymenoptera'),(692,'Family','Vespidae'),(693,'Genus','Vespa'),(694,'Scientific Name','Vespa mandarinia'),(695,'Common Name','Asian Giant Hornet'),(696,'Group','Wasp'),(697,'Habitat','Dense woodland'),(698,'Colour','Black, Brown, Red, Orange, Yellow'),(699,'Skin Type','Shell'),(700,'Size (L)','2.7cm - 5.5cm (1.1in - 2.2in)'),(701,'Diet','Carnivore'),(702,'Prey','Bees, Honeybees, Insects, Wasps'),(703,'Predators','Human'),(704,'Lifestyle','Diurnal'),(705,'Life Span','3 - 5 months'),(706,'Conservation Status','Threatened'),(707,'Distinctive Features','Wide black and orange body and large mandibles'),(708,'Kingdom','Animalia'),(709,'Phylum','Chordata'),(710,'Class','Mammalia'),(711,'Order','Carnivora'),(712,'Family','Viverridae'),(713,'Genus','Paradoxurus'),(714,'Scientific Name','Paradoxurus Hermaphroditus'),(715,'Type','Mammal'),(716,'Diet','Carnivore'),(717,'Size (H)','43cm - 71cm (17in - 28in)'),(718,'Weight','1.4kg - 4.5kg (3lbs - 10lbs)'),(719,'Life Span','15 - 20 years'),(720,'Lifestyle','Solitary'),(721,'Conservation Status','Vulnerable'),(722,'Colour','Black, White, Grey, Yellow, Brown, Tan'),(723,'Skin Type','Fur'),(724,'Habitat','Tropical rainforest'),(725,'Average Litter Size','2'),(726,'Predators','Lions, Snakes, Leopards'),(727,'Distinctive Features','Elongated body and snout with sharp, pointed teeth'),(728,'Kingdom','Animalia'),(729,'Phylum','Chordata'),(730,'Class','Mammalia'),(731,'Order','Carnivora'),(732,'Family','Ursidae'),(733,'Genus','Ursus'),(734,'Scientific Name','Ursus tibetanus'),(735,'Common Name','Asiatic Black Bear'),(736,'Group','Mammal'),(737,'Habitat','Deciduous Tropical Forest'),(738,'Colour','Black, Brown, White'),(739,'Skin Type','Fur'),(740,'Size (H)','1.2m - 1.9m (4ft - 6.25ft)'),(741,'Weight','90kg - 115kg (198lbs - 253lbs)'),(742,'Top Speed','40kph (25mph)'),(743,'Diet','Omnivore'),(744,'Prey','Nuts, Fruits, Insects'),(745,'Predators','Tiger, Wolves, Humans'),(746,'Lifestyle','Nocturnal'),(747,'Life Span','15 - 25 years'),(748,'Average Litter Size','2'),(749,'Conservation Status','Endangered'),(750,'Name','Australian Cattle Dog'),(751,'Origin','Australia'),(752,'Average Size','50cm (20in)'),(753,'Average Weight','20kg (45lbs)'),(754,'Average Life Span','15 years'),(755,'Group','Herd Dog'),(756,'Colour','Grey, Red, Black'),(757,'Average Litter Size','5'),(758,'Temperament','Strong minded yet loyal and loving'),(759,'Training','Should be trained from an early age and respond best to firm and fair training'),(760,'Name','Australian Kelpie Dog'),(761,'Origin','Australia'),(762,'Average Size','50cm (20in)'),(763,'Average Weight','20kg (45lbs)'),(764,'Average Life Span','14 years'),(765,'Group','Herd Dog'),(766,'Colour','Tan, Red, Black, Brown'),(767,'Average Litter Size','5'),(768,'Temperament','Loyal and protective'),(769,'Training','Should be trained from an early age and should be firm but fair'),(770,'Name','Australian Mist'),(771,'Origin','Australia'),(772,'Average Size','60cm (2ft)'),(773,'Average Weight','4.5kg (10lbs)'),(774,'Average Life Span','14 years'),(775,'Group','Shorthair'),(776,'Colour','Brown, Blue, Chocolate, Lilac, Caramel, Gold, Peach'),(777,'Average Litter Size','4'),(778,'Temperament','Affectionate, gentle and trustworthy'),(779,'Name','Australian Shepherd'),(780,'Origin','North America'),(781,'Average Size','58cm (23in)'),(782,'Average Weight','32kg (70lbs)'),(783,'Average Life Span','14 years'),(784,'Group','Herd Dog'),(785,'Colour','Tan, Red, Black, Brown, Grey'),(786,'Average Litter Size','7'),(787,'Temperament','Confident and independent yet loving and responsive,'),(788,'Training','Should be trained from an early age and they are easy to train but it takes time'),(789,'Name','Australian Terrier'),(790,'Origin','Australia'),(791,'Average Size','25cm (10in)'),(792,'Average Weight','6kg (14lbs)'),(793,'Average Life Span','14 years'),(794,'Group','Terrier'),(795,'Colour','Tan, Gold, Black'),(796,'Average Litter Size','4'),(797,'Temperament','Courageous, energetic and confident'),(798,'Training','Should be trained from an early age and respond best to fun and challenging training methods'),(799,'Kingdom','Animalia'),(800,'Phylum','Chordata'),(801,'Class','Aves'),(802,'Order','Charadriiformes'),(803,'Family','Recurvirostridae'),(804,'Genus','Recurvirostra'),(805,'Scientific Name','Recurvirostra'),(806,'Type','Bird'),(807,'Diet','Carnivore'),(808,'Size (L)','42cm - 45cm (16in - 18in)'),(809,'Wing Span','77cm - 80cm (30in - 32in)'),(810,'Weight','140g - 400g (5oz - 14oz)'),(811,'Top Speed','40km/h (25mph)'),(812,'Life Span','10 - 15 years'),(813,'Lifestyle','Flock'),(814,'Conservation Status','Least Concern'),(815,'Colour','White, Black'),(816,'Skin Type','Feathers'),(817,'Habitat','Temperate wetlands'),(818,'Average Clutch Size','4'),(819,'Predators','Dogs, Cats, Stouts'),(820,'Distinctive Features','Long curved beak and striking plumage'),(821,'Kingdom','Animalia'),(822,'Phylum','Chordata'),(823,'Class','Amphibia'),(824,'Order','Caudata'),(825,'Family','Ambystomatidae'),(826,'Genus','Ambystoma'),(827,'Scientific Name','Ambystoma Mexicanum'),(828,'Type','Amphibian'),(829,'Diet','Carnivore'),(830,'Size (L)','15cm - 45cm (6in - 18in)'),(831,'Weight','60g - 200g (2oz - 7oz)'),(832,'Top Speed','17km/h (10mph)'),(833,'Life Span','10 - 20 years'),(834,'Lifestyle','Solitary'),(835,'Conservation Status','Endangered'),(836,'Colour','Black, White, Pink, Grey, Brown'),(837,'Skin Type','Permeable'),(838,'Habitat','High altitude freshwater lakes'),(839,'Average Litter Size','500'),(840,'Predators','Birds, Fish'),(841,'Distinctive Features','Feathery gills and flattened-shaped head'),(842,'Kingdom','Animalia'),(843,'Phylum','Chordata'),(844,'Class','Mammalia'),(845,'Order','Primates'),(846,'Family','Daubentoniidae'),(847,'Genus','Daubentonia'),(848,'Scientific Name','Daubentonia madagascariensis'),(849,'Common Name','Aye Aye'),(850,'Group','Mammal'),(851,'Habitat','Dense, tropical rainforest'),(852,'Colour','Black, Dark Brown'),(853,'Skin Type','Fur'),(854,'Size (L)','30cm - 40cm (12in - 15in)'),(855,'Weight','2kg - 2.7kg (4lbs - 6lbs)'),(856,'Top Speed','32kph (20mph)'),(857,'Diet','Omnivore'),(858,'Prey','Insects, Larvae, Fruit'),(859,'Predators','Human, Fossa, Birds of Prey'),(860,'Lifestyle','Nocturnal'),(861,'Life Span','10 - 23 years'),(862,'Average Litter Size','1'),(863,'Conservation Status','Endangered'),(864,'Kingdom','Animalia'),(865,'Phylum','Chordata'),(866,'Class','Mammalia'),(867,'Order','Primates'),(868,'Family','Cercopithecidae'),(869,'Genus','Papio'),(870,'Scientific Name','Papio'),(871,'Common Name','Baboon'),(872,'Group','Mammal'),(873,'Habitat','Grassland, rocky desert and rainforest'),(874,'Colour','Olive, Yellow, Grey, Silver, Brown, Black'),(875,'Skin Type','Hair'),(876,'Size (H)','50cm - 86cm (20in - 34in)'),(877,'Weight','14kg - 45kg (30lbs - 100lbs)'),(878,'Top Speed','45kph (30mph)'),(879,'Diet','Omnivore'),(880,'Prey','Fruits, Seeds, Insects'),(881,'Predators','Lion, Leopard, African Wild Dog'),(882,'Lifestyle','Diurnal'),(883,'Life Span','15 - 40 years'),(884,'Average Litter Size','1'),(885,'Conservation Status','Least Concern'),(886,'Kingdom','Animalia'),(887,'Phylum','Chordata'),(888,'Class','Mammalia'),(889,'Order','Artiodactyla'),(890,'Family','Camelidae'),(891,'Genus','Camelus'),(892,'Scientific Name','Camelus Bactrianus'),(893,'Type','Mammal'),(894,'Diet','Herbivore'),(895,'Size (H)','1.7m - 2.1m (5.5ft - 7ft)'),(896,'Weight','600kg - 816kg (1,322lbs - 1,800lbs)'),(897,'Top Speed','64km/h (40mph)'),(898,'Life Span','35 - 50 years'),(899,'Lifestyle','Herd'),(900,'Conservation Status','Endangered'),(901,'Colour','Brown, Tan'),(902,'Skin Type','Fur'),(903,'Habitat','Deserts close to water'),(904,'Average Litter Size','1'),(905,'Predators','Human, Tiger, Monitor Lizards'),(906,'Distinctive Features','Thick fur and two humps'),(907,'Kingdom','Animalia'),(908,'Phylum','Chordata'),(909,'Class','Mammalia'),(910,'Order','Carnivora'),(911,'Family','Mustelidae'),(912,'Genus','Taxidiinae'),(913,'Scientific Name','Taxidea Taxus'),(914,'Type','Mammal'),(915,'Diet','Omnivore'),(916,'Size (L)','40cm - 75cm (16in - 29in)'),(917,'Weight','11kg - 14kg (24lbs - 30lbs)'),(918,'Top Speed','30km/h (18mph)'),(919,'Life Span','4 - 10 years'),(920,'Lifestyle','Solitary'),(921,'Conservation Status','Threatened'),(922,'Colour','Brown, Black, White'),(923,'Skin Type','Fur'),(924,'Habitat','Woodland and hedgerows'),(925,'Average Litter Size','3'),(926,'Predators','Human, Eagle, Wildcats'),(927,'Distinctive Features','Flattened body and long claws'),(928,'Name','Balinese'),(929,'Origin','North America'),(930,'Average Size','60cm (2ft)'),(931,'Average Weight','5.4kg (12lbs)'),(932,'Average Life Span','15 years'),(933,'Group','Semi-Longhair'),(934,'Colour','Brown, Chocolate, Lilac, Caramel, Black'),(935,'Average Litter Size','5'),(936,'Temperament','Affectionate, playful and energetic'),(937,'Kingdom','Animalia'),(938,'Phylum','Chordata'),(939,'Class','Mammalia'),(940,'Order','Carnivora'),(941,'Family','Viverridae'),(942,'Genus','Hemigalus'),(943,'Scientific Name','Hemigalus Derbyanus'),(944,'Type','Mammal'),(945,'Diet','Carnivore'),(946,'Size (H)','43cm - 71cm (17in - 28in)'),(947,'Weight','1.4kg - 4.5kg (3lbs - 10lbs)'),(948,'Life Span','15 - 20 years'),(949,'Lifestyle','Solitary'),(950,'Conservation Status','Vulnerable'),(951,'Colour','Black, White, Grey, Yellow, Brown, Tan'),(952,'Skin Type','Fur'),(953,'Habitat','Tropical rainforest'),(954,'Average Litter Size','2'),(955,'Predators','Lions, Snakes, Leopards'),(956,'Distinctive Features','Elongated body and snout with sharp, pointed teeth'),(957,'Kingdom','Animalia'),(958,'Phylum','Chordata'),(959,'Class','Mammalia'),(960,'Order','Peramelemorphia'),(961,'Family','Peramelidae'),(962,'Genus','Perameles'),(963,'Scientific Name','Perameles'),(964,'Type','Mammal'),(965,'Diet','Omnivore'),(966,'Size (L)','28cm - 81cm (11in - 32in)'),(967,'Weight','0.2kg - 1.6kg (0.4lbs - 3.5lbs)'),(968,'Top Speed','24km/h (15mph)'),(969,'Life Span','3-7 years'),(970,'Lifestyle','Solitary'),(971,'Conservation Status','Endangered'),(972,'Colour','Grey, Black, White, Brown, Tan, Gold'),(973,'Skin Type','Fur'),(974,'Habitat','Forest, rainforest and jungle'),(975,'Average Litter Size','4'),(976,'Predators','Foxes, Snakes, Wildcats'),(977,'Distinctive Features','Pointed snout and long, thin tail'),(978,'Kingdom','Animalia'),(979,'Phylum','Chordata'),(980,'Class','Actinopterygii'),(981,'Order','Cypriniformes'),(982,'Family','Cyprinidae'),(983,'Genus','Barbus'),(984,'Common Name','Barb'),(985,'Scientific Name','Barbus Barbus'),(986,'Origin','Asia'),(987,'Diet','Omnivore'),(988,'Size (L)','2.5cm - 7cm (1in - 3in)'),(989,'Water Type','Fresh'),(990,'Optimum pH Level','6.0 - 7.5'),(991,'Life Span','3 - 7 years'),(992,'Conservation Status','Least Concern'),(993,'Colour','Black, White, Yellow, Orange, Red, Silver'),(994,'Skin Type','Scales'),(995,'Habitat','Slow flowing rivers and lagoons'),(996,'Average Clutch Size','1,500'),(997,'Predators','Fish, Birds, Reptiles'),(998,'Distinctive Features','Easily adaptable and rows of teeth'),(999,'Kingdom','Animalia'),(1000,'Phylum','Chordata'),(1001,'Class','Aves'),(1002,'Order','Strigiformes'),(1003,'Family','Tytonidae'),(1004,'Genus','Tyto'),(1005,'Scientific Name','Tyto Alba'),(1006,'Type','Bird'),(1007,'Diet','Carnivore'),(1008,'Size (H)','25cm - 45cm (9.8in - 18in)'),(1009,'Wing Span','75cm - 110cm (30in - 43in)'),(1010,'Weight','300g - 550g (10oz - 19.4oz)'),(1011,'Top Speed','80km/h (50mph)'),(1012,'Life Span','5 - 10 years'),(1013,'Lifestyle','Solitary'),(1014,'Conservation Status','Least Concern'),(1015,'Colour','Black, White, Grey, Orange, Brown'),(1016,'Skin Type','Feathers'),(1017,'Habitat','Open plains and low-lying woodland'),(1018,'Average Clutch Size','4'),(1019,'Predators','Fox, Raccoon, Wild dogs'),(1020,'Distinctive Features','White heart-shaped face and large, dark eyes'),(1021,'Kingdom','Animalia'),(1022,'Phylum','Arthropoda'),(1023,'Class','Crustacea'),(1024,'Order','Maxillopoda'),(1025,'Family','Thecostraca'),(1026,'Genus','Cirripedia'),(1027,'Common Name','Barnacle'),(1028,'Scientific Name','Cirripedia'),(1029,'Origin','Worldwide'),(1030,'Diet','Omnivore'),(1031,'Size (L)','1cm - 7cm (0.4in - 2.7in)'),(1032,'Water Type','Brackish, Salt'),(1033,'Optimum pH Level','4.0-6.5'),(1034,'Life Span','8 - 20 years'),(1035,'Conservation Status','Least Concern'),(1036,'Colour','Black, White, Yellow, Cream'),(1037,'Skin Type','Shell'),(1038,'Habitat','Shallow marine environments'),(1039,'Average Clutch Size','1,000'),(1040,'Predators','Fish, Crabs, Humans'),(1041,'Distinctive Features','Latch on to hard surfaces and shell made up from plates'),(1042,'Kingdom','Animalia'),(1043,'Phylum','Chordata'),(1044,'Class','Actinopterygii'),(1045,'Order','Perciformes'),(1046,'Family','Sphyraenidae'),(1047,'Genus','Sphyraena'),(1048,'Common Name','Barracuda'),(1049,'Scientific Name','Sphyraena'),(1050,'Origin','Oceans worldwide'),(1051,'Diet','Carnivore'),(1052,'Size (L)','0.5m - 2m (20in - 79in)'),(1053,'Water Type','Salt'),(1054,'Optimum pH Level','5 - 7'),(1055,'Life Span','10 - 15 years'),(1056,'Conservation Status','Least Concern'),(1057,'Colour','Grey, Blue, Black, Brown'),(1058,'Skin Type','Smooth'),(1059,'Habitat','Coastal lagoons and coral reefs'),(1060,'Average Clutch Size','1,000'),(1061,'Predators','Sharks, Humans, Killer Whales'),(1062,'Distinctive Features','Large body size and powerful jaws'),(1063,'Name','Basenji Dog'),(1064,'Origin','Zaire'),(1065,'Average Size','41cm (16in)'),(1066,'Average Weight','11kg (24lbs)'),(1067,'Average Life Span','12 years'),(1068,'Group','South Hound'),(1069,'Colour','Brown, Tan, Black, White, Gold'),(1070,'Average Litter Size','5'),(1071,'Temperament','Affectionate, intelligent and playful'),(1072,'Training','Should be trained from an early age as their independent nature can make them stubborn'),(1073,'Kingdom','Animalia'),(1074,'Phylum','Chordata'),(1075,'Class','Chondrichthyes'),(1076,'Order','Lamniformes'),(1077,'Family','Cetorhinidae'),(1078,'Genus','Cetorhinus'),(1079,'Common Name','Basking Shark'),(1080,'Scientific Name','Cetorhinus Maximus'),(1081,'Origin','Atlantic and Pacific Oceans'),(1082,'Diet','Carnivore'),(1083,'Size (L)','6m - 12m (20ft - 39ft)'),(1084,'Water Type','Salt'),(1085,'Optimum pH Level','5 - 7'),(1086,'Life Span','20 - 100 years'),(1087,'Conservation Status','Threatened'),(1088,'Colour','Grey, Black, Brown'),(1089,'Skin Type','Smooth'),(1090,'Habitat','Temperate waters along continental shelves'),(1091,'Average Clutch Size','6'),(1092,'Predators','Sharks, Humans, Killer Whales'),(1093,'Distinctive Features','Enormous mouth and large body size'),(1094,'Name','Basset Hound Dog'),(1095,'Origin','Great Britain'),(1096,'Average Size','35cm (14in)'),(1097,'Average Weight','27kg (60lbs)'),(1098,'Average Life Span','12 years'),(1099,'Group','Hound'),(1100,'Colour','Tan, White, Red, Brown, Black'),(1101,'Average Litter Size','8'),(1102,'Temperament','Gentle, peaceful and devoted'),(1103,'Training','Should be trained in obedience from an early age due to their stubborn nature '),(1104,'Kingdom','Animalia'),(1105,'Phylum','Chordata'),(1106,'Class','Mammalia'),(1107,'Order','Chiroptera'),(1108,'Family','Microchiroptera '),(1109,'Genus','Emballonuridae'),(1110,'Scientific Name','Chiroptera'),(1111,'Type','Mammal'),(1112,'Diet','Omnivore'),(1113,'Size (L)','3cm - 180cm (1.2in - 71in)'),(1114,'Weight','2g - 1,000g (0.07oz - 35oz)'),(1115,'Top Speed','40km/h (25mph)'),(1116,'Life Span','10 - 30 years'),(1117,'Lifestyle','Pack'),(1118,'Conservation Status','Least Concern'),(1119,'Colour','Brown, Black, Grey'),(1120,'Skin Type','Fur'),(1121,'Habitat','Woodland and caves'),(1122,'Average Litter Size','1'),(1123,'Predators','Owls, Eagles, Snakes'),(1124,'Distinctive Features','Large ears detect prey using echolocation and have strong, flexible wings'),(1125,'Name','Bavarian Mountain Hound'),(1126,'Origin','Germany'),(1127,'Average Size','50cm (20in)'),(1128,'Average Weight','34kg (75lbs)'),(1129,'Average Life Span','14 years'),(1130,'Group','Hound'),(1131,'Colour','Tan, Brown, Black'),(1132,'Average Litter Size','8'),(1133,'Temperament','Courageous, intelligent and poised'),(1134,'Training','Should be trained from an early age as it is a long and slow process'),(1135,'Name','Beagle Dog'),(1136,'Origin','Great Britain'),(1137,'Average Size','38cm (15in)'),(1138,'Average Weight','14kg (30lbs)'),(1139,'Average Life Span','15 years'),(1140,'Group','Hound'),(1141,'Colour','Tan, White, Red, Brown , Black'),(1142,'Average Litter Size','7'),(1143,'Temperament','Gentle and intelligent but stubborn'),(1144,'Training','Should be trained in obedience from an early age due to their stubborn nature '),(1145,'Kingdom','Animalia'),(1146,'Phylum','Chordata'),(1147,'Class','Mammalia'),(1148,'Order','Carnivora'),(1149,'Family','Ursidae'),(1150,'Genus','Ursus'),(1151,'Scientific Name','Ursidae'),(1152,'Type','Mammal'),(1153,'Diet','Omnivore'),(1154,'Size (H)','1.2m - 3.3m (4ft - 11ft)'),(1155,'Weight','27kg - 450kg (60lbs - 990lbs)'),(1156,'Top Speed','56km/h (35mph)'),(1157,'Life Span','15 - 35 years'),(1158,'Lifestyle','Solitary'),(1159,'Conservation Status','Endangered'),(1160,'Colour','Black, brown, white'),(1161,'Skin Type','Fur'),(1162,'Habitat','Forest and mountainous regions'),(1163,'Average Litter Size','2'),(1164,'Predators','Human, Wolf, Wildcats'),(1165,'Distinctive Features','Large teeth and paws and strong body'),(1166,'Name','Bearded Collie'),(1167,'Origin','Great Britain'),(1168,'Average Size','56cm (22in)'),(1169,'Average Weight','27kg (60lbs)'),(1170,'Average Life Span','14 years'),(1171,'Group','Herd'),(1172,'Colour','White, Black, Brown, Tan, Grey'),(1173,'Average Litter Size','7'),(1174,'Temperament','Loving, lively and playful'),(1175,'Training','Should be trained from an early age and respond well to harsh techniques'),(1176,'Kingdom','Animalia'),(1177,'Phylum','Chordata'),(1178,'Class','Reptilia'),(1179,'Order','Squamata'),(1180,'Family','Agamidae'),(1181,'Genus','Pogona'),(1182,'Scientific Name','Pogona Vitticeps'),(1183,'Type','Reptile'),(1184,'Diet','Omnivore'),(1185,'Size (L)','50cm - 61cm (20in - 24in)'),(1186,'Weight','250g - 510g (9oz - 18oz)'),(1187,'Top Speed','40km/h (25mph)'),(1188,'Life Span','6 - 15 years'),(1189,'Lifestyle','Solitary'),(1190,'Conservation Status','Least Concern'),(1191,'Colour','Green,Yellow, Brown, Grey'),(1192,'Skin Type','Scales'),(1193,'Habitat','Arid forest and desert'),(1194,'Average Litter Size','15'),(1195,'Predators','Birds, Snakes, Crocodiles'),(1196,'Distinctive Features','Pronounced beard when scared and morphs skin colour'),(1197,'Kingdom','Animalia'),(1198,'Phylum','Chordata'),(1199,'Class','Mammalia'),(1200,'Order','Rodentia'),(1201,'Family','Castoridae'),(1202,'Genus','Castor'),(1203,'Scientific Name','Castor Canadensis'),(1204,'Type','Mammal'),(1205,'Diet','Herbivore'),(1206,'Size (L)','80cm - 120cm (31in - 47in)'),(1207,'Weight','16kg - 27kg (35lbs - 60lbs) '),(1208,'Top Speed','55km/h (34mph)'),(1209,'Life Span','15 - 20 years'),(1210,'Lifestyle','Solitary'),(1211,'Conservation Status','Threatened'),(1212,'Colour','Brown, Grey'),(1213,'Skin Type','Fur'),(1214,'Habitat','Arid forest and desert'),(1215,'Average Litter Size','4'),(1216,'Predators','Wolf, Bear, Lynx'),(1217,'Distinctive Features','Transparent eyelids and big, flat tail'),(1218,'Name','Bedlington Terrier'),(1219,'Origin','Great Britain'),(1220,'Average Size','43cm (17in)'),(1221,'Average Weight','10kg (23lbs)'),(1222,'Average Life Span','16 years'),(1223,'Group','Terrier'),(1224,'Colour','Red, White, Blue, Brown, Tan, Black'),(1225,'Average Litter Size','4'),(1226,'Temperament','Bold, confident and playful'),(1227,'Training','Should be trained from an early age due to their hyperactive nature'),(1228,'Kingdom','Animalia'),(1229,'Phylum','Arthropoda'),(1230,'Class','Insecta'),(1231,'Order','Endopterygota'),(1232,'Family','Coleoptera'),(1233,'Common Name','Beetle'),(1234,'Scientific Name','Coleoptera'),(1235,'Diet','Omnivore'),(1236,'Size','1-2.5cm (0.04-5in)'),(1237,'Number of Species','350,000'),(1238,'Conservation Status','Least Concern'),(1239,'Colour','Brown, Black, Red, Yellow, Green, Blue'),(1240,'Skin Type','Shell'),(1241,'Habitat','Most land and freshwater habitats'),(1242,'Average Litter Size','200'),(1243,'Predators','Bats, Frogs, Reptiles'),(1244,'Kingdom','Animalia'),(1245,'Phylum','Chordata'),(1246,'Class','Mammalia'),(1247,'Order','Carnivora'),(1248,'Family','Felidae'),(1249,'Genus','Panthera'),(1250,'Scientific Name','Panthera Tigris Tigris'),(1251,'Type','Mammal'),(1252,'Diet','Carnivore'),(1253,'Size (L)','2.4m - 3.3m (6.8ft - 11ft)'),(1254,'Weight','140kg - 300kg (309lbs - 660lbs)'),(1255,'Top Speed','96km/h (60mph)'),(1256,'Life Span','18 - 25 years'),(1257,'Lifestyle','Solitary'),(1258,'Conservation Status','Endangered'),(1259,'Colour','Orange, Black, White'),(1260,'Skin Type','Fur'),(1261,'Habitat','Dense tropical forest and mangroves'),(1262,'Average Litter Size','3'),(1263,'Predators','Human'),(1264,'Name','Bernese Mountain Dog'),(1265,'Origin','Switzerland'),(1266,'Average Size','68cm (27in)'),(1267,'Average Weight','40kg (88lbs)'),(1268,'Average Life Span','8 years'),(1269,'Group','Sennenhund'),(1270,'Colour','Black, White, Tan'),(1271,'Average Litter Size','7'),(1272,'Temperament','Intelligent, friendly and alert'),(1273,'Training','Should be trained from an early age due to their large size'),(1274,'Name','Bichon Frise'),(1275,'Origin','France'),(1276,'Average Size','30cm (12in)'),(1277,'Average Weight','8kg (18lbs)'),(1278,'Average Life Span','15 years'),(1279,'Group','Gun Dog'),(1280,'Colour','White'),(1281,'Average Litter Size','4'),(1282,'Temperament','Happy, playful and energetic'),(1283,'Training','Should be trained from an early age due to its hyperactive nature'),(1284,'Kingdom','Animalia'),(1285,'Phylum','Chordata'),(1286,'Class','Mammalia'),(1287,'Order','Carnivora'),(1288,'Family','Viverridae'),(1289,'Genus','Arctictis'),(1290,'Scientific Name','Arctictis binturong'),(1291,'Common Name','Binturong'),(1292,'Group','Mammal'),(1293,'Habitat','Dense, moist tropical forest'),(1294,'Colour','Black, Brown, Grey'),(1295,'Skin Type','Fur'),(1296,'Size (L)','60cm - 96cm (24in - 38in)'),(1297,'Weight','10kg - 14kg (22lbs - 31lbs)'),(1298,'Top Speed','24kph (15mph)'),(1299,'Diet','Omnivore'),(1300,'Prey','Fruit, Insects, Birds'),(1301,'Predators','Human, Tigers, Snakes'),(1302,'Lifestyle','Nocturnal/Crepuscular'),(1303,'Life Span','10 - 25 years'),(1304,'Average Litter Size','2'),(1305,'Conservation Status','Vulnerable'),(1306,'Kingdom','Animalia'),(1307,'Phylum','Chordata'),(1308,'Class','Aves'),(1309,'Type','Bird'),(1310,'Diet','Omnivore'),(1311,'Size (H)','5cm - 270cm (2in - 106in)'),(1312,'Wing Span','9cm - 300cm (4in - 118in)'),(1313,'Weight','0.002kg - 130kg (0.004lbs - 286lbs)'),(1314,'Top Speed','322km/h (200mph)'),(1315,'Life Span','1 - 100 years'),(1316,'Colour','Brown, Grey, White, Black, Yellow, Red, Orange, Blue, Pink'),(1317,'Skin Type','Feathers'),(1318,'Habitat','Forests and shrub land close to water'),(1319,'Average Clutch Size','5'),(1320,'Predators','Foxes, Birds, Wild dogs'),(1321,'Distinctive Features','Light, feathered body and beak'),(1322,'Kingdom','Animalia'),(1323,'Phylum','Chordata'),(1324,'Class','Aves'),(1325,'Order','Passeriformes'),(1326,'Family','Paradisaeidae'),(1327,'Scientific Name','Paradisaeidae'),(1328,'Type','Bird'),(1329,'Diet','Omnivore'),(1330,'Size (H)','15cm - 110cm (6in - 43in)'),(1331,'Wing Span','20cm - 120cm (7.9in - 47in)'),(1332,'Weight','50g - 430g (1.8oz - 15.2oz)'),(1333,'Life Span','5 - 8 years'),(1334,'Lifestyle','Solitary'),(1335,'Conservation Status','Least Concern'),(1336,'Colour','Black, White, Grey, Green, Brown, Blue, Yellow, Red'),(1337,'Skin Type','Feathers'),(1338,'Habitat','Tropical forest tree tops'),(1339,'Average Clutch Size','3'),(1340,'Predators','Human, Snakes, Large Birds'),(1341,'Distinctive Features','Brightly coloured feathers and elaborate dance of males'),(1342,'Name','Birman'),(1343,'Origin','Burma'),(1344,'Average Size','76cm (2.5ft)'),(1345,'Average Weight','8kg (18lbs)'),(1346,'Average Life Span','20 years'),(1347,'Group','Semi-Longhair'),(1348,'Colour','Brown, Chocolate, Lilac, Caramel, Black'),(1349,'Average Litter Size','6'),(1350,'Temperament','Intelligent, sweet and affectionate'),(1351,'Kingdom','Animalia'),(1352,'Phylum','Chordata'),(1353,'Class','Mammalia'),(1354,'Order','Artiodactyla'),(1355,'Family','Bovidae'),(1356,'Genus','Bison'),(1357,'Scientific Name','Bison Bison'),(1358,'Type','Mammal'),(1359,'Diet','Herbivore'),(1360,'Size (L)','2m - 2.7m (6.6ft - 9ft)'),(1361,'Weight','1,000kg - 1,300kg (2,200lbs - 2,500lbs)'),(1362,'Top Speed','35km/h (22mph)'),(1363,'Life Span','15 - 20 years'),(1364,'Lifestyle','Herd'),(1365,'Conservation Status','Threatened'),(1366,'Colour','Brown, Tan'),(1367,'Skin Type','Hair'),(1368,'Habitat','Grass plains and forest'),(1369,'Average Litter Size','1'),(1370,'Predators','Human, Bear, Wolves'),(1371,'Distinctive Features','Huge head and a shoulder hump'),(1372,'Kingdom','Animalia'),(1373,'Phylum','Chordata'),(1374,'Class','Mammalia'),(1375,'Order','Carnivora'),(1376,'Family','Ursidae'),(1377,'Genus','Ursus'),(1378,'Scientific Name','Ursus americanus'),(1379,'Common Name','Black Bear'),(1380,'Group','Mammal'),(1381,'Habitat','Forest and woodland'),(1382,'Colour','Black, Dark Brown, Tan'),(1383,'Skin Type','Fur'),(1384,'Size (H)','1.3m - 1.8m (4.25ft - 6ft)'),(1385,'Weight','100kg - 270kg (220lbs - 594lbs)'),(1386,'Top Speed','48kph (30mph)'),(1387,'Diet','Omnivore'),(1388,'Prey','Fruits, Nuts, Rodents'),(1389,'Predators','Grizzly Bear, Fox, Birds of Prey'),(1390,'Lifestyle','Nocturnal'),(1391,'Life Span','15 - 30 years'),(1392,'Average Litter Size','3'),(1393,'Conservation Status','Least Concern'),(1394,'Kingdom','Animalia'),(1395,'Phylum','Chordata'),(1396,'Class','Mammalia'),(1397,'Order','Perissodactyla'),(1398,'Family','Rhinocerotidae'),(1399,'Genus','Diceros'),(1400,'Scientific Name','Diceros Bicornis'),(1401,'Type','Mammal'),(1402,'Diet','Herbivore'),(1403,'Weight','800kg - 1,400kg (1,800lbs - 3,100lbs)'),(1404,'Top Speed','42km/h (30mph)'),(1405,'Life Span','45-50 years'),(1406,'Lifestyle','Solitary'),(1407,'Conservation Status','Critically Endangered'),(1408,'Colour','Brown, Grey, White'),(1409,'Skin Type','Leather'),(1410,'Habitat','Tropical bushland, grassland and savannas'),(1411,'Average Litter Size','1'),(1412,'Predators','Human, Wild cats'),(1413,'Name','Black Russian Terrier'),(1414,'Origin','Russia'),(1415,'Average Size','71cm (28in)'),(1416,'Average Weight','68kg (150lbs)'),(1417,'Average Life Span','11 years'),(1418,'Group','Terrier'),(1419,'Colour','Black, Grey'),(1420,'Average Litter Size','5'),(1421,'Temperament','Brave, confident and courageous'),(1422,'Training','Should be trained from an early age as they will become dominant'),(1423,'Kingdom','Animalia'),(1424,'Phylum','Arthropoda'),(1425,'Class','Arachnida'),(1426,'Order','Araneae'),(1427,'Family','Theridiidae'),(1428,'Genus','Latrodectus'),(1429,'Common Name','Black Widow Spider'),(1430,'Scientific Name','Latrodectus'),(1431,'Diet','Carnivore'),(1432,'Size','1.3cm - 3.8cm (0.5in - 1.5in)'),(1433,'Number of Species','3'),(1434,'Conservation Status','Least Concern'),(1435,'Colour','Brown, Black, Red, Yellow'),(1436,'Skin Type','Shell'),(1437,'Habitat','Urban, temperate forest and woodland'),(1438,'Average Litter Size','250'),(1439,'Predators','Wasp, Birds, Small mammals'),(1440,'Distinctive Features','Sharp fangs and shiny black and red body'),(1441,'Name','Bloodhound'),(1442,'Origin','Belgium'),(1443,'Average Size','71cm (28in)'),(1444,'Average Weight','50kg (110lbs)'),(1445,'Average Life Span','12 years'),(1446,'Group','Hound'),(1447,'Colour','Brown ,Tan, Black'),(1448,'Average Litter Size','7'),(1449,'Temperament','Kind, patient and noble'),(1450,'Training','Should be trained from an early age due to their large size'),(1451,'Name','Blue Lacy Dog'),(1452,'Origin','North America'),(1453,'Average Size','63cm (25in)'),(1454,'Average Weight','23kg (50lbs)'),(1455,'Average Life Span','16 years'),(1456,'Group','Herd'),(1457,'Colour','Blue, Grey, White, Brown, Cream, Tan, Fawn'),(1458,'Average Litter Size','5'),(1459,'Temperament','Intelligent, active and alert'),(1460,'Training','Should be trained from an early age as they can become dominant'),(1461,'Kingdom','Animalia'),(1462,'Phylum','Chordata'),(1463,'Class','Mammalia'),(1464,'Order','Cetacea'),(1465,'Family','Balaenopteridae'),(1466,'Genus','Balaenoptera'),(1467,'Scientific Name','Balsenoptera musculus'),(1468,'Common Name','Blue Whale'),(1469,'Group','Mammal'),(1470,'Habitat','Polar and subtropical waters'),(1471,'Colour','Grey, Blue, White, Black'),(1472,'Skin Type','Smooth'),(1473,'Size (L)','25m - 30m (82.5ft - 100ft)'),(1474,'Weight','100tonnes - 160tonnes (220,000lbs - 352,000lbs)'),(1475,'Top Speed','20kph (13mph)'),(1476,'Diet','Carnivore'),(1477,'Prey','Krill, Crustaceans, Small Fish'),(1478,'Predators','Humans, Killer Whale pods'),(1479,'Lifestyle','Diurnal'),(1480,'Life Span','30 - 45 years'),(1481,'Average Litter Size','1'),(1482,'Conservation Status','Endangered'),(1483,'Name','Bluetick Coonhound'),(1484,'Origin','North America'),(1485,'Average Size','68cm (27in)'),(1486,'Average Weight','36kg (80lbs)'),(1487,'Average Life Span','12 years'),(1488,'Group','Hound'),(1489,'Colour','Blue, Black, White, Grey'),(1490,'Average Litter Size','7'),(1491,'Temperament','Friendly, devoted and affectionate'),(1492,'Training','Should be trained from an early age due to their large size'),(1493,'Kingdom','Animalia'),(1494,'Phylum','Chordata'),(1495,'Class','Mammalia'),(1496,'Order','Carnivora'),(1497,'Family','Felidae'),(1498,'Genus','Lynx'),(1499,'Scientific Name','Lynx rufus'),(1500,'Common Name','Bobcat'),(1501,'Group','Mammal'),(1502,'Habitat','Mountainous forest, swamp, desert'),(1503,'Colour','Tawny, Beige, Brown, Red, Black, White'),(1504,'Skin Type','Fur'),(1505,'Size (L)','65cm - 100cm (25in - 40in)'),(1506,'Weight','4.1kg - 15.3g (9lbs - 33lbs)'),(1507,'Top Speed','55kph (34mph)'),(1508,'Diet','Carnivore'),(1509,'Prey','Rabbits, Mice, Deer'),(1510,'Predators','Cougar, Wolves, Coyotes'),(1511,'Lifestyle','Nocturnal/Crepuscular'),(1512,'Life Span','12 - 15 years'),(1513,'Average Litter Size','3'),(1514,'Conservation Status','Least Concern'),(1515,'Name','Bolognese Dog'),(1516,'Origin','Italy'),(1517,'Average Size','30cm (12in)'),(1518,'Average Weight','4kg (9lbs)'),(1519,'Average Life Span','14 years'),(1520,'Group','Gun Dog'),(1521,'Colour','White'),(1522,'Average Litter Size','4'),(1523,'Temperament','Devoted and lively, yet docile'),(1524,'Training','Should be trained from an early age due to their hyperactive nature'),(1525,'Name','Bombay'),(1526,'Origin','North America'),(1527,'Average Size','60cm (2ft)'),(1528,'Average Weight','4.5kg (10lbs)'),(1529,'Average Life Span','13 years'),(1530,'Group','Shorthair'),(1531,'Colour','Brown, Black'),(1532,'Average Litter Size','6'),(1533,'Temperament','Intelligent, energetic, calm and friendly'),(1534,'Kingdom','Animalia'),(1535,'Phylum','Chordata'),(1536,'Class','Mammalia'),(1537,'Order','Artiodactyla'),(1538,'Family','Bovidae'),(1539,'Genus','Tragelaphus'),(1540,'Scientific Name','Tragelaphus eurycerus'),(1541,'Common Name','Bongo'),(1542,'Group','Mammal'),(1543,'Habitat','Dense forests and bamboo thickets'),(1544,'Colour','Orange, Red, Chestnut, White, Brown, Black'),(1545,'Skin Type','Fur'),(1546,'Size (L)','1.7m - 2.5m (5.5ft - 8.25ft)'),(1547,'Weight','150kg - 220kg (330lbs - 484lbs)'),(1548,'Top Speed','70kph (43mph)'),(1549,'Diet','Herbivore'),(1550,'Prey','Leaves, Bark, Grasses'),(1551,'Predators','Leopards, Hyenas, Lions'),(1552,'Lifestyle','Diurnal'),(1553,'Life Span','10 - 18 years'),(1554,'Average Litter Size','1'),(1555,'Conservation Status','Near Threatened'),(1556,'Kingdom','Animalia'),(1557,'Phylum','Chordata'),(1558,'Class','Mammalia'),(1559,'Order','Primates'),(1560,'Family','Hominidae'),(1561,'Genus','Pan'),(1562,'Scientific Name','Pan Paniscus'),(1563,'Type','Mammal'),(1564,'Diet','Omnivore'),(1565,'Size (H)','73cm - 90cm (29in - 35in)'),(1566,'Weight','25kg - 50kg (55lbs - 110lbs)'),(1567,'Top Speed','40km/h (25mph)'),(1568,'Life Span','30 - 40 years'),(1569,'Lifestyle','Troop'),(1570,'Conservation Status','Endangered'),(1571,'Colour','Black, Grey, Brown'),(1572,'Skin Type','Hair'),(1573,'Habitat','Lowland jungle and swamp forests'),(1574,'Average Litter Size','1'),(1575,'Predators','Human, Large Primates, Crocodiles'),(1576,'Distinctive Features','Large body size and opposable thumbs'),(1577,'Kingdom','Animalia'),(1578,'Phylum','Chordata'),(1579,'Class','Aves'),(1580,'Order','Pelecaniformes'),(1581,'Family','Sulidae'),(1582,'Genus','Sula'),(1583,'Scientific Name','Sula Nebouxii'),(1584,'Type','Bird'),(1585,'Diet','Carnivore'),(1586,'Size (H)','64cm - 91cm (25in - 36in)'),(1587,'Wing Span','130cm - 155cm (51in - 61in)'),(1588,'Weight','0.9kg -1.8kg (2lbs - 3.9lbs)'),(1589,'Top Speed','97km/h (60mph)'),(1590,'Life Span','12 - 17 years'),(1591,'Lifestyle','Flock'),(1592,'Conservation Status','Least Concern'),(1593,'Colour','Brown, Black, White, Grey'),(1594,'Skin Type','Feathers'),(1595,'Habitat','Subtropical and tropical islands'),(1596,'Average Clutch Size','2'),(1597,'Predators','Human, Owls, Birds Of Prey'),(1598,'Distinctive Features','Large body size and brightly coloured feet'),(1599,'Name','Border Collie'),(1600,'Origin','Great Britain'),(1601,'Average Size','50cm (20in)'),(1602,'Average Weight','20kg (45lbs)'),(1603,'Average Life Span','20 years'),(1604,'Group','Herd'),(1605,'Colour','Black, White, Brown, Red'),(1606,'Average Litter Size','6'),(1607,'Temperament','Intelligent, devoted and affectionate'),(1608,'Training','Should be trained from an early age in obedience'),(1609,'Name','Border Terrier'),(1610,'Origin','Great Britain'),(1611,'Average Size','25cm (10in)'),(1612,'Average Weight','5.4kg (12lbs)'),(1613,'Average Life Span','15 years'),(1614,'Group','Terrier'),(1615,'Colour','Tan, Fawn, Black, Brown, Grey'),(1616,'Average Litter Size','6'),(1617,'Temperament','Affectionate, brave and intelligent'),(1618,'Training','Should be trained from an early age due to their hyperactive nature'),(1619,'Kingdom','Animalia'),(1620,'Phylum','Chordata'),(1621,'Class','Mammalia'),(1622,'Order','Primates'),(1623,'Family','Hominidae'),(1624,'Genus','Pongo'),(1625,'Scientific Name','Pongo pygmaeus'),(1626,'Common Name','Bornean Orang-utan'),(1627,'Group','Mammal'),(1628,'Habitat','Lowland forest and peat-swamps'),(1629,'Colour','Red, Orange, Brown, Grey, Black'),(1630,'Skin Type','Hair'),(1631,'Size (H)','1.25m - 1.5m (4ft - 5ft)'),(1632,'Weight','30kg - 90kg (66lbs - 200lbs)'),(1633,'Top Speed','6kph (2.7mph)'),(1634,'Diet','Omnivore'),(1635,'Prey','Fruits, Bark, Insects'),(1636,'Predators','Human, Tiger, Clouded Leopard'),(1637,'Lifestyle','Diurnal'),(1638,'Life Span','30 - 40 years'),(1639,'Average Litter Size','1'),(1640,'Conservation Status','Critically Endangered'),(1641,'Kingdom','Animalia'),(1642,'Phylum','Chordata'),(1643,'Class','Mammalia'),(1644,'Order','Proboscidea'),(1645,'Family','Elephantidae'),(1646,'Genus','Elephas'),(1647,'Scientific Name','Elephas Maximus Borneensis'),(1648,'Type','Mammal'),(1649,'Diet','Herbivore'),(1650,'Size (H)','2m - 3m (7ft - 10ft)'),(1651,'Weight','3,000kg - 5,000kg (6,500lbs - 11,000lbs)'),(1652,'Top Speed','43km/h (27mph)'),(1653,'Life Span','55 - 70 years'),(1654,'Lifestyle','Herd'),(1655,'Conservation Status','Critically Endangered'),(1656,'Colour','Grey, Brown, Black'),(1657,'Skin Type','Leather'),(1658,'Habitat','Rainforest and tropical woodland'),(1659,'Average Litter Size','1'),(1660,'Predators','Human, Tiger'),(1661,'Distinctive Features','Long trunk and large feet'),(1662,'Name','Boston Terrier'),(1663,'Origin','North America'),(1664,'Average Size','43cm (17in)'),(1665,'Average Weight','11kg (25lbs)'),(1666,'Average Life Span','15 years'),(1667,'Group','Mastiff'),(1668,'Colour','Black, Red, Brown, White, Tan, Grey'),(1669,'Average Litter Size','4'),(1670,'Temperament','Strong, friendly and devoted'),(1671,'Training','Should be trained from an early age in a patient and understanding way'),(1672,'Kingdom','Animalia'),(1673,'Phylum','Chordata'),(1674,'Class','Mammalia'),(1675,'Order','Cetacea'),(1676,'Family','Delphinidae'),(1677,'Genus','Tursiops'),(1678,'Scientific Name','Tursiops Truncatus'),(1679,'Type','Mammal'),(1680,'Diet','Omnivore'),(1681,'Size (L)','2.5m - 4m (8ft - 13ft)'),(1682,'Weight','200kg - 300kg (440lbs - 660lbs)'),(1683,'Top Speed','35km/h (21mph)'),(1684,'Life Span','20 - 35 years'),(1685,'Lifestyle','Pod'),(1686,'Conservation Status','Least Concern'),(1687,'Colour','Light grey, Dark grey'),(1688,'Skin Type','Smooth'),(1689,'Habitat','Warm harbours and bays'),(1690,'Average Litter Size','1'),(1691,'Predators','Human, Sharks, Killer Whale'),(1692,'Distinctive Features','Large dorsal fins and communicate using whistling'),(1693,'Name','Boxer Dog'),(1694,'Origin','Germany'),(1695,'Average Size','61cm (24in)'),(1696,'Average Weight','32kg (70lbs)'),(1697,'Average Life Span','11 years'),(1698,'Group','Mastiff'),(1699,'Colour','Tan, Black, Brown'),(1700,'Average Litter Size','8'),(1701,'Temperament','Intelligent, fearless and strong'),(1702,'Training','Should be trained from an early age due to their independent nature'),(1703,'Name','Boykin Spaniel'),(1704,'Origin','North America'),(1705,'Average Size','46cm (18in)'),(1706,'Average Weight','17kg (38lbs)'),(1707,'Average Life Span','16 years'),(1708,'Group','Gun Dog'),(1709,'Colour','Brown, Black, Tan, White'),(1710,'Average Litter Size','6'),(1711,'Temperament','Intelligent, friendly and devoted'),(1712,'Training','Should be trained from an early in obedience'),(1713,'Name','Brazilian Terrier'),(1714,'Origin','Brazil'),(1715,'Average Size','41cm (16in)'),(1716,'Average Weight','9kg (20lbs)'),(1717,'Average Life Span','14 years'),(1718,'Group','Terrier'),(1719,'Colour','Black, Brown, Tan, White'),(1720,'Average Litter Size','10'),(1721,'Temperament','Intelligent, playful and energetic'),(1722,'Training','Should be trained from an early age due to their hyperactive nature'),(1723,'Kingdom','Animalia'),(1724,'Phylum','Chordata'),(1725,'Class','Mammalia'),(1726,'Order','Carnivora'),(1727,'Family','Ursidae'),(1728,'Genus','Ursus'),(1729,'Scientific Name','Ursus Arctos'),(1730,'Type','Mammal'),(1731,'Diet','Omnivore'),(1732,'Size (H)','1.5m - 2.8m (5ft - 9.2ft)'),(1733,'Weight','136kg - 390kg (300lbs - 860lbs)'),(1734,'Top Speed','56km/h (35mph)'),(1735,'Life Span','20 - 30 years'),(1736,'Lifestyle','Solitary'),(1737,'Conservation Status','Endangered'),(1738,'Colour','Brown, Black, Tan'),(1739,'Skin Type','Fur'),(1740,'Habitat','Forest and mountainous regions'),(1741,'Average Litter Size','3'),(1742,'Predators','Human, Wolf, Cougar'),(1743,'Distinctive Features','Powerful forearms and hibernate in the winter'),(1744,'Kingdom','Animalia'),(1745,'Phylum','Chordata'),(1746,'Class','Aves'),(1747,'Order','Psittaciformes'),(1748,'Family','Psittacidae'),(1749,'Genus','Melopsittacus'),(1750,'Scientific Name','Melopsittacus Undulatus'),(1751,'Type','Bird'),(1752,'Diet','Omnivore'),(1753,'Size (H)','15cm - 20cm (5.9in - 7.8in)'),(1754,'Wing Span','25cm - 35cm (10in - 14in)'),(1755,'Weight','30g - 40g (1oz - 1.4oz)'),(1756,'Life Span','3 - 6 years'),(1757,'Lifestyle','Flock'),(1758,'Conservation Status','Least Concern'),(1759,'Colour','Black, White, Grey, Green, Blue, Yellow'),(1760,'Skin Type','Feathers'),(1761,'Habitat','Open woodland and grassland near water'),(1762,'Average Clutch Size','6'),(1763,'Predators','Human, Snakes, Large Birds'),(1764,'Distinctive Features','Brightly coloured feathers and warble communication calls'),(1765,'Kingdom','Animalia'),(1766,'Phylum','Chordata'),(1767,'Class','Mammalia'),(1768,'Order','Artiodactyla'),(1769,'Family','Bovidae'),(1770,'Genus','Syncerus'),(1771,'Scientific Name','Syncerus Caffer'),(1772,'Type','Mammal'),(1773,'Diet','Herbivore'),(1774,'Size (L)','1.7m - 1.8m (67in - 71in)'),(1775,'Weight','600kg - 907kg (1,323lbs - 2,000lbs)'),(1776,'Top Speed','35km/h (22mph)'),(1777,'Life Span','15 - 22 years'),(1778,'Lifestyle','Herd'),(1779,'Conservation Status','Least Concern'),(1780,'Colour','Brown, Grey, Black'),(1781,'Skin Type','Hair'),(1782,'Habitat','Woodland and grass pastures'),(1783,'Average Litter Size','1'),(1784,'Predators','Human, Lion, Crocodile'),(1785,'Distinctive Features','Shoulder hump and large, curved horns'),(1786,'Name','BullMastiff'),(1787,'Origin','Great Britain'),(1788,'Average Size','69cm (27in)'),(1789,'Average Weight','59kg (130lbs)'),(1790,'Average Life Span','10 years'),(1791,'Group','Mastiff'),(1792,'Colour','Brown, Black, Tan, Fawn, Cream'),(1793,'Average Litter Size','8'),(1794,'Temperament','Devoted, alert and fearless'),(1795,'Training','Should be trained from an early age due to their independent nature'),(1796,'Kingdom','Animalia'),(1797,'Phylum','Chordata'),(1798,'Class','Chondrichthyes'),(1799,'Order','Carcharhiniformes'),(1800,'Family','Carcharhinidae'),(1801,'Genus','Carcharhinus'),(1802,'Scientific Name','Carcharhinus Leucas'),(1803,'Type','Fish'),(1804,'Diet','Carnivore'),(1805,'Size (L)','2.1m - 3.5m (7ft - 11.5ft)'),(1806,'Weight','90kg - 230kg (200lbs - 500lbs)'),(1807,'Top Speed','40km/h (25mph)'),(1808,'Life Span','16 - 25 years'),(1809,'Lifestyle','Solitary'),(1810,'Conservation Status','Least Concern'),(1811,'Colour','Blue, Grey'),(1812,'Skin Type','Scales'),(1813,'Habitat','Shallow and tropical waters'),(1814,'Average Litter Size','10'),(1815,'Predators','Human, Tiger sharks'),(1816,'Distinctive Features','Flat, rounded snout and two dorsal fins'),(1817,'Name','Bull Terrier'),(1818,'Origin','Great Britain'),(1819,'Average Size','56cm (22in)'),(1820,'Average Weight','28kg (62lbs)'),(1821,'Average Life Span','15 years'),(1822,'Group','Mastiff'),(1823,'Colour','Black, Brown, Tan, White'),(1824,'Average Litter Size','7'),(1825,'Temperament','Friendly and alert but stubborn'),(1826,'Training','Should be trained from an early age due to their independent nature'),(1827,'Name','Bulldog'),(1828,'Origin','Great Britain'),(1829,'Average Size','35cm (14in)'),(1830,'Average Weight','25kg (55lbs)'),(1831,'Average Life Span','14 years'),(1832,'Group','Mastiff'),(1833,'Colour','Tan, Fawn, White, Brown, Black'),(1834,'Average Litter Size','10'),(1835,'Temperament','Gentle, calm and affectionate'),(1836,'Training','Should be trained from an early age due to their stubborn nature'),(1837,'Kingdom','Animalia'),(1838,'Phylum','Chordata'),(1839,'Class','Amphibia'),(1840,'Order','Anura'),(1841,'Family','Ranidae'),(1842,'Genus','Rana'),(1843,'Scientific Name','Rana Catesbeiana'),(1844,'Type','Amphibian'),(1845,'Diet','Carnivore'),(1846,'Size (L)','9cm - 15cm (3.5in - 6in)'),(1847,'Weight','300g - 500g (10.5oz - 17.6oz)'),(1848,'Top Speed','17km/h (10mph)'),(1849,'Life Span','6 - 10 years'),(1850,'Lifestyle','Solitary'),(1851,'Conservation Status','Least Concern'),(1852,'Colour','Black, Green, Grey, Brown, Yellow'),(1853,'Skin Type','Permeable'),(1854,'Habitat','Lakes, ponds, rivers and streams'),(1855,'Average Clutch Size','20,000'),(1856,'Predators','Snakes, Fish, Turtles'),(1857,'Distinctive Features','Powerful legs and cow-like call'),(1858,'Kingdom','Animalia'),(1859,'Phylum','Arthropoda'),(1860,'Class','Insecta'),(1861,'Order','Hymenoptera'),(1862,'Family','Apidae'),(1863,'Genus','Bombus'),(1864,'Common Name','Bumble Bee'),(1865,'Scientific Name','Bombus'),(1866,'Diet','Herbivore'),(1867,'Size','1.9-3.8cm (0.75-1.5in)'),(1868,'Number of Species','250'),(1869,'Conservation Status','Threatened'),(1870,'Colour','Yellow, Black, Orange'),(1871,'Skin Type','Hair'),(1872,'Habitat','Quiet forests and pastures'),(1873,'Average Litter Size','200'),(1874,'Predators','Bats, Frogs, Skunks'),(1875,'Name','Burmese'),(1876,'Origin','Burma'),(1877,'Average Size','60cm (2ft)'),(1878,'Average Weight','4.5kg (10lbs)'),(1879,'Average Life Span','12 years'),(1880,'Group','Shorthair'),(1881,'Colour','Brown, Black, Blue, Lilac, Cream, Ginger'),(1882,'Average Litter Size','5'),(1883,'Temperament','Intelligent, friendly and affectionate'),(1884,'Kingdom','Animalia'),(1885,'Phylum','Chordata'),(1886,'Class','Amphibia'),(1887,'Order','Anura'),(1888,'Family','Myobatrachidae'),(1889,'Genus','Heleioporus'),(1890,'Scientific Name','Heleioporus'),(1891,'Type','Amphibian'),(1892,'Diet','Carnivore'),(1893,'Size (L)','6cm - 10cm (2.4in - 4in)'),(1894,'Weight','20g - 80g (0.7oz - 2.8oz)'),(1895,'Top Speed','8km/h (5mph)'),(1896,'Life Span','10 - 15 years'),(1897,'Lifestyle','Solitary'),(1898,'Conservation Status','Least Concern'),(1899,'Colour','Black, Green, Grey, Brown, Yellow'),(1900,'Skin Type','Permeable'),(1901,'Habitat','Forests, rivers and marshes'),(1902,'Average Clutch Size','200'),(1903,'Predators','Foxes, Snakes, Birds'),(1904,'Distinctive Features','Long limbs and rough, bumpy skin'),(1905,'Kingdom','Animalia'),(1906,'Phylum','Arthropoda'),(1907,'Class','Insecta'),(1908,'Order','Lepidoptera'),(1909,'Common Name','Butterfly'),(1910,'Scientific Name','Papilionoidea'),(1911,'Diet','Herbivore'),(1912,'Size','0.6-30cm (0.2-12in)'),(1913,'Number of Species','12,000'),(1914,'Average Life Span','40 days'),(1915,'Conservation Status','Least Concern'),(1916,'Colour','Yellow, Black, Orange, Red, Green, Blue, White'),(1917,'Skin Type','Hair'),(1918,'Habitat','Quiet forests and pastures'),(1919,'Average Litter Size','100'),(1920,'Predators','Bats, Frogs, Small mammals and reptiles'),(1921,'Kingdom','Animalia'),(1922,'Phylum','Chordata'),(1923,'Class','Actinopterygii'),(1924,'Order','Perciformes'),(1925,'Family','Chaetodontidae'),(1926,'Common Name','Butterfly fish'),(1927,'Scientific Name','Chaetodontidae'),(1928,'Origin','Atlantic, Indian, Pacific Oceans'),(1929,'Diet','Omnivore'),(1930,'Size (L)','7cm - 15cm (3in - 6in)'),(1931,'Water Type','Salt'),(1932,'Optimum pH Level','8.1 - 8.6'),(1933,'Life Span','6 - 12 years'),(1934,'Conservation Status','Endangered'),(1935,'Colour','Black, White, Yellow, Orange, Silver'),(1936,'Skin Type','Scales'),(1937,'Habitat','Tropical coral reefs'),(1938,'Average Clutch Size','200'),(1939,'Predators','Fish, Eels, Sharks'),(1940,'Distinctive Features','Elongated nose and bright colours'),(1941,'Kingdom','Animalia'),(1942,'Phylum','Chordata'),(1943,'Class','Reptilia'),(1944,'Order','Crocodilia'),(1945,'Family','Alligatoridae'),(1946,'Genus','Caimaninae'),(1947,'Scientific Name','Caimaninae'),(1948,'Type','Reptile'),(1949,'Diet','Carnivore'),(1950,'Size (L)','1.1m - 5m (43in - 197in)'),(1951,'Weight','100kg - 500kg (220lbs - 1,102lbs)'),(1952,'Top Speed','48km/h (30mph)'),(1953,'Life Span','30 - 40 years'),(1954,'Lifestyle','Solitary'),(1955,'Conservation Status','Threatened'),(1956,'Colour','Green, Brown, Black, Grey'),(1957,'Skin Type','Scales'),(1958,'Habitat','Mangroves, marshes and swamps'),(1959,'Average Clutch Size','30'),(1960,'Predators','Humans, Jaguars'),(1961,'Distinctive Features','Narrow body shape and long tail'),(1962,'Kingdom','Animalia'),(1963,'Phylum','Chordata'),(1964,'Class','Reptilia'),(1965,'Order','Squamata'),(1966,'Family','Teiidae'),(1967,'Genus','Dracaena'),(1968,'Scientific Name','Dracaena Guianensis'),(1969,'Type','Reptile'),(1970,'Diet','Carnivore'),(1971,'Size (L)','60cm - 121cm (2ft - 4ft)'),(1972,'Weight','1.4kg - 2.7kg (3lbs - 6lbs)'),(1973,'Top Speed','16km/h (10mph)'),(1974,'Life Span','10 - 30 years'),(1975,'Lifestyle','Solitary'),(1976,'Conservation Status','Least Concern'),(1977,'Colour','Black, Brown, Tan, Yellow, Grey'),(1978,'Skin Type','Scales'),(1979,'Habitat','Rainforest and swampland'),(1980,'Average Clutch Size','6'),(1981,'Predators','Jaguar, Large Snakes, Humans'),(1982,'Distinctive Features','Forked tongue and powerful tail'),(1983,'Name','Cairn Terrier'),(1984,'Origin','Great Britain'),(1985,'Size','25.4cm (10in)'),(1986,'Weight','6kg (14lbs)'),(1987,'Life Span','14 years'),(1988,'Group','Terrier'),(1989,'Kingdom','Animalia'),(1990,'Phylum','Chordata'),(1991,'Class','Mammalia'),(1992,'Order','Artiodactyla'),(1993,'Family','Camelidae'),(1994,'Genus','Camelus'),(1995,'Scientific Name','Camelus dromedarius'),(1996,'Common Name','Camel'),(1997,'Group','Mammal'),(1998,'Habitat','Arid desert and scrubland'),(1999,'Colour','Cream, Tan, Brown, Black'),(2000,'Skin Type','Hair'),(2001,'Size (L)','2.2m - 3.5m (7.25ft - 11.5ft)'),(2002,'Weight','300kg - 690kg (660lbs - 1,500lbs)'),(2003,'Top Speed','64kph (40mph)'),(2004,'Diet','Herbivore'),(2005,'Prey','Thorny and Salty Plants, Grass, Grain'),(2006,'Predators','Lions, Leopards, Humans'),(2007,'Lifestyle','Diurnal'),(2008,'Life Span','40 - 50 years'),(2009,'Average Litter Size','1'),(2010,'Conservation Status','Common'),(2011,'Name','Canaan Dog'),(2012,'Origin','Israel'),(2013,'Size','61cm (24in)'),(2014,'Weight','25kg (55lbs)'),(2015,'Life Span','15 years'),(2016,'Group','South'),(2017,'Kingdom','Animalia'),(2018,'Phylum','Chordata'),(2019,'Class','Mammalia'),(2020,'Order','Rodentia'),(2021,'Family','Caviidae'),(2022,'Genus','Hydrochoerus'),(2023,'Scientific Name','Hydrochoerus hydrochaeris'),(2024,'Common Name','Capybara'),(2025,'Group','Mammal'),(2026,'Habitat','Dense vegetation close to freshwater'),(2027,'Colour','Brown, Yellow, Red, Grey'),(2028,'Skin Type','Fur'),(2029,'Size (L)','100cm - 130cm (39in - 51in)'),(2030,'Weight','30kg - 70kg (66lbs - 154lbs)'),(2031,'Top Speed','35kph (22mph)'),(2032,'Diet','Herbivore'),(2033,'Prey','Grasses, Aquatic Plants, Bark'),(2034,'Predators','Jaguar, Caiman, Harpy Eagle'),(2035,'Lifestyle','Nocturnal/Crepuscular'),(2036,'Life Span','8 - 10 years'),(2037,'Average Litter Size','5'),(2038,'Conservation Status','Least Concern'),(2039,'Kingdom','Animalia'),(2040,'Phylum','Chordata'),(2041,'Class','Mammalia'),(2042,'Order','Carnivora'),(2043,'Family','Felidae'),(2044,'Genus','Caracal'),(2045,'Scientific Name','Caracal Caracal'),(2046,'Type','Mammal'),(2047,'Diet','Carnivore'),(2048,'Size (H)','65cm - 90cm (2ft - 3ft)'),(2049,'Weight','11kg - 18kg (24lbs - 40lbs)'),(2050,'Top Speed','80km/h (50mph)'),(2051,'Life Span','12 - 15 years'),(2052,'Lifestyle','Solitary'),(2053,'Conservation Status','Least Concern'),(2054,'Colour','Tan, Brown, Black'),(2055,'Skin Type','Fur'),(2056,'Habitat','Dry woodland and savannah'),(2057,'Average Litter Size','3'),(2058,'Predators','Human, Hyena, Lions'),(2059,'Distinctive Features','Long, black ear tufts and short fur'),(2060,'Name','Carolina Dog'),(2061,'Origin','North America'),(2062,'Size','56cm (22in)'),(2063,'Weight','18kg (40lbs)'),(2064,'Life Span','19 years'),(2065,'Group','South'),(2066,'Kingdom','Animalia'),(2067,'Phylum','Chordata'),(2068,'Class','Aves'),(2069,'Order','Casuariiformes'),(2070,'Family','Casuariidae'),(2071,'Genus','Casuarius'),(2072,'Scientific Name','Casuarius'),(2073,'Type','Bird'),(2074,'Diet','Omnivore'),(2075,'Size (H)','1.5m - 2m (59in - 79in)'),(2076,'Wing Span','1.5m - 2m (59in - 79in)'),(2077,'Weight','25kg - 58.5kg (55lbs - 129lbs)'),(2078,'Top Speed','50km/h (31mph)'),(2079,'Life Span','40 - 60 years'),(2080,'Lifestyle','Solitary'),(2081,'Conservation Status','Vulnerable'),(2082,'Colour','Blue, Yellow, Black, Tan'),(2083,'Skin Type','Feathers');
/*!40000 ALTER TABLE `tmp` ENABLE KEYS */;
UNLOCK TABLES;

--
-- Dumping routines for database 'coba'
--
/*!50003 DROP PROCEDURE IF EXISTS `move` */;
/*!50003 SET @saved_cs_client      = @@character_set_client */ ;
/*!50003 SET @saved_cs_results     = @@character_set_results */ ;
/*!50003 SET @saved_col_connection = @@collation_connection */ ;
/*!50003 SET character_set_client  = utf8 */ ;
/*!50003 SET character_set_results = utf8 */ ;
/*!50003 SET collation_connection  = utf8_general_ci */ ;
/*!50003 SET @saved_sql_mode       = @@sql_mode */ ;
/*!50003 SET sql_mode              = 'NO_AUTO_VALUE_ON_ZERO' */ ;
DELIMITER ;;
CREATE DEFINER=`root`@`localhost` PROCEDURE `move`()
BEGIN
	INSERT INTO tb_kingdom (kingdom) SELECT isi FROM tmp WHERE tmp.`id`=1;
	INSERT INTO tb_Phylum (phylum) SELECT isi FROM tmp WHERE tmp.`id`=2;
	INSERT INTO tb_class (class) SELECT isi FROM tmp WHERE tmp.`id`=3;
	INSERT INTO tb_order (ordo) SELECT isi FROM tmp WHERE tmp.`id`=4;
	INSERT INTO tb_family (family) SELECT isi FROM tmp WHERE tmp.`id`=5;
	INSERT INTO tb_genus (genus) SELECT isi FROM tmp WHERE tmp.`id`=6;
	INSERT INTO tb_species (species) SELECT isi FROM tmp WHERE tmp.`id`=7;
	DELETE FROM tmp;
	TRUNCATE TABLE tmp;
    END ;;
DELIMITER ;
/*!50003 SET sql_mode              = @saved_sql_mode */ ;
/*!50003 SET character_set_client  = @saved_cs_client */ ;
/*!50003 SET character_set_results = @saved_cs_results */ ;
/*!50003 SET collation_connection  = @saved_col_connection */ ;
/*!40103 SET TIME_ZONE=@OLD_TIME_ZONE */;

/*!40101 SET SQL_MODE=@OLD_SQL_MODE */;
/*!40014 SET FOREIGN_KEY_CHECKS=@OLD_FOREIGN_KEY_CHECKS */;
/*!40014 SET UNIQUE_CHECKS=@OLD_UNIQUE_CHECKS */;
/*!40101 SET CHARACTER_SET_CLIENT=@OLD_CHARACTER_SET_CLIENT */;
/*!40101 SET CHARACTER_SET_RESULTS=@OLD_CHARACTER_SET_RESULTS */;
/*!40101 SET COLLATION_CONNECTION=@OLD_COLLATION_CONNECTION */;
/*!40111 SET SQL_NOTES=@OLD_SQL_NOTES */;

-- Dump completed on 2017-07-16 21:49:47
